name,designation,ra,ra_err,dec,dec_err,w1_mean,w1_mean_err,w1_median,w1_median_err,w1_min,w1_min_err,w1_max,w1_max_err,w1_snr,w1_snr_min,w1_snr_max,w1_num_pts,w1_amplitude,w1_mean_w1_median,w1_M_value,w1_fap,w1_sde,w1_power,w1_period,w2_mean,w2_mean_err,w2_median,w2_median_err,w2_min,w2_min_err,w2_max,w2_max_err,w2_snr,w2_snr_min,w2_snr_max,w2_num_pts,w2_amplitude,w2_mean_w2_median,w2_M_value,w2_fap,w2_sde,w2_power,w2_period,w3_mean,w3_mean_err,w3_snr,w4_mean,w4_mean_err,w4_snr,w1_w2,delta_time,filter_flag,wiseview
2MASS J23515044-2537367,J235150.93-253733.37,357.9622959256477,0.04086683937823834,-25.62592299818653,0.037945336787564767,10.95,0.019,10.951,0.018,10.9,0.018,10.99,0.022,59.156,39.2,70.2,199,0.09,-0.001,0.433,0.0020000000000000018,7.652067558212313,0.11512902398210527,2.800816396237499,10.717,0.022,10.715,0.021,10.656,0.022,10.781,0.025,49.93,30.9,58.2,187,0.125,0.002,0.528,0.0010000000000000009,3.7457975639933028,0.14037949580402123,52.492129002771385,10.327,0.21,5.533,7.627,0.194,1.338,0.233,4545.818371640002,AA,http://byw.tools/wiseview#ra=357.9621898&dec=-25.6259373&size=100&speed=50&band=3&minbright=-50&maxbright=100&window=1.5&zoom=10&gaia=1&outer_epochs=0
2MASSI J2331016-040619,J233101.85-040622.85,352.7576527174603,0.048980952380952375,-4.106365202645502,0.04593386243386243,11.634,0.021,11.636,0.02,11.586,0.027,11.681,0.024,51.903,30.8,60.4,96,0.095,-0.002,0.474,0.006000000000000005,8.999395090859714,0.2053861675369625,0.0666406096432284,11.395,0.029,11.393,0.028,11.309,0.028,11.478,0.029,37.581,29.7,43.2,93,0.169,0.002,0.503,0.0050000000000000044,8.758919089904536,0.21121430962379975,0.11709542059335504,10.532,0.216,2.7,7.808,,0.1,0.24,4545.109491679999,AA,http://byw.tools/wiseview#ra=352.7577127&dec=-4.106347957&size=100&speed=50&band=3&minbright=-50&maxbright=100&window=1.5&zoom=10&gaia=1&outer_epochs=0
2MASS J22551861-5713056,J225518.21-571310.50,343.8253923831354,0.0503667458432304,-57.219692491686466,0.04629026128266033,11.831,0.022,11.829,0.021,11.774,0.023,11.897,0.025,50.06,33.1,62.2,210,0.123,0.002,0.553,0.0,5.229096878275267,0.13896033899189345,11.79213094276823,11.502,0.03,11.498,0.029,11.415,0.03,11.603,0.028,37.043,23.6,43.8,211,0.188,0.004,0.559,0.0030000000000000027,10.616828592367275,0.11234166983533206,0.06465504418266345,11.016,0.388,2.05,7.654,,1.6,0.329,4546.652620500005,AA,http://byw.tools/wiseview#ra=343.8258557&dec=-57.21958275&size=100&speed=50&band=3&minbright=-50&maxbright=100&window=1.5&zoom=10&gaia=1&outer_epochs=0
DENIS-P J225210.73-173013.4,J225211.22-173011.25,343.04688441329785,0.058504255319148935,-17.50305958989362,0.05617925531914893,12.203,0.025,12.206,0.024,12.133,0.026,12.269,0.024,44.315,26.3,52.9,95,0.136,-0.003,0.463,0.0030000000000000027,9.426412934114309,0.2020955072739799,0.14780873606069364,11.776,0.035,11.772,0.035,11.684,0.031,11.878,0.043,31.077,22.6,38.1,93,0.194,0.004,0.546,0.0,5.388645717365353,0.3142443119434184,14.638583316543281,10.915,0.398,3.0,7.622,,1.0,0.427,4548.207836449998,AA,http://byw.tools/wiseview#ra=343.0467666&dec=-17.50312369&size=100&speed=50&band=3&minbright=-50&maxbright=100&window=1.5&zoom=10&gaia=1&outer_epochs=0
SDSSp J224953.45+004404.2,J224953.45+004404.56,342.47315513439486,0.12208025477707007,0.7346345987261147,0.11696305732484076,13.607,0.044,13.598,0.043,13.441,0.037,13.779,0.05,24.822,15.8,29.5,79,0.338,0.009,0.536,0.019000000000000017,7.598537337663081,0.21197061206205606,0.26497829922858046,13.12,0.086,13.12,0.084,12.882,0.097,13.394,0.144,13.042,7.5,17.3,78,0.512,-0.0,0.534,0.0010000000000000009,8.896943560183605,0.25892101707319704,0.058948107930338514,10.696,,1.4,6.929,0.251,4.3,0.487,4547.866712709998,AA,http://byw.tools/wiseview#ra=342.4727&dec=0.7346&size=100&speed=50&band=3&minbright=-50&maxbright=100&window=1.5&zoom=10&gaia=1&outer_epochs=0
2MASSI J2238074+435317,J223807.99+435315.92,339.5332674452747,0.06166813186813187,43.8876517767033,0.05750263736263736,12.205,0.024,12.204,0.024,12.147,0.021,12.274,0.027,45.307,30.1,53.8,224,0.127,0.001,0.551,0.0010000000000000009,10.618762122039,0.11083771347889389,0.05454658411415923,11.979,0.039,11.982,0.037,11.858,0.045,12.091,0.055,28.356,16.3,36.5,231,0.233,-0.003,0.468,0.0,3.5512211037869927,0.14506150677437932,178.79290779279165,11.179,0.404,1.991,7.667,0.448,1.3,0.226,4547.299621530001,AA,http://byw.tools/wiseview#ra=339.5332934&dec=43.88775584&size=100&speed=50&band=3&minbright=-50&maxbright=100&window=1.5&zoom=10&gaia=1&outer_epochs=0
2MASS J22344161+4041387,J223441.59+404138.82,338.6733881518584,0.03914761061946903,40.694063004601766,0.03598530973451327,10.948,0.019,10.947,0.018,10.855,0.021,11.045,0.02,58.259,38.7,71.0,283,0.19,0.001,0.516,0.0,3.980254979817469,0.42461757013552914,51.34818431923225,10.38,0.02,10.381,0.019,10.267,0.02,10.506,0.024,55.544,36.3,67.8,282,0.239,-0.001,0.523,0.0,4.249507523319081,0.4168902845711083,51.34818431923225,8.399,0.057,20.755,5.728,0.11,11.273,0.569,4547.7375245400035,AA,http://byw.tools/wiseview#ra=338.6732932&dec=40.69411772&size=100&speed=50&band=3&minbright=-50&maxbright=100&window=1.5&zoom=10&gaia=1&outer_epochs=0
2MASSW J2206228-204705,J220622.84-204706.77,331.5951164477401,0.04160762711864407,-20.785175983333332,0.03900988700564972,11.07,0.019,11.07,0.019,11.028,0.024,11.115,0.02,57.926,35.7,69.7,180,0.087,0.0,0.517,0.0,11.67861189803978,0.14782727024457762,0.042295531874099956,10.858,0.023,10.859,0.023,10.776,0.023,10.938,0.025,47.622,32.6,57.1,174,0.162,-0.001,0.488,0.0020000000000000018,10.558672122639097,0.15016568260634627,0.06446409871342608,10.553,0.275,4.029,7.561,,0.975,0.212,4546.5497397,AA,http://byw.tools/wiseview#ra=331.5951732&dec=-20.78521259&size=100&speed=50&band=3&minbright=-50&maxbright=100&window=1.5&zoom=10&gaia=1&outer_epochs=0
eps Indi B,J220418.58-564738.30,331.07675095698926,0.27103333333333335,-56.79414140394265,0.2723745519713262,12.357,0.079,10.633,nan,10.572,0.016,17.262,nan,44.595,-3.1,73.9,165,6.69,1.724,0.991,1.0,nan,nan,4548.882699199996,9.449,0.015,9.448,0.015,9.398,0.015,9.488,0.017,71.587,54.8,83.6,114,0.09,0.001,0.444,0.016000000000000014,8.390861451161255,0.1532020356400505,0.04516061710176473,11.2,,1.8,7.697,,1.4,2.908,4548.882699199996,BA,http://byw.tools/wiseview#ra=331.0773961&dec=-56.79397111&size=100&speed=50&band=3&minbright=-50&maxbright=100&window=1.5&zoom=10&gaia=1&outer_epochs=0
2MASS J22025794-5605087,J220258.07-560510.12,330.74188749671526,0.0775229927007299,-56.0861364620438,0.07342189781021898,12.831,0.03,12.834,0.029,12.751,0.03,12.905,0.038,36.725,27.3,43.6,136,0.154,-0.003,0.461,0.019000000000000017,9.362586918799577,0.140321925761619,0.05330057417947631,12.55,0.054,12.545,0.052,12.378,0.05,12.735,0.062,20.71,7.3,26.1,138,0.357,0.005,0.532,0.018000000000000016,7.628773501635987,0.1344565544060899,0.3202539968433702,11.009,0.36,2.1,7.934,,,0.281,4548.877096030003,AA,http://byw.tools/wiseview#ra=330.7419535&dec=-56.08614366&size=100&speed=50&band=3&minbright=-50&maxbright=100&window=1.5&zoom=10&gaia=1&outer_epochs=0
DENIS-P J220002.05-303832.9,J215226.37+093800.67,328.11002749712924,0.06851531100478468,9.633351682775121,0.06641339712918659,12.575,0.028,12.574,0.027,12.502,0.027,12.645,0.037,39.643,22.2,47.1,106,0.143,0.001,0.497,0.0010000000000000009,9.699818953684295,0.2102509986280021,0.06925534550792752,12.193,0.044,12.19,0.043,12.069,0.05,12.339,0.053,25.201,18.2,32.0,103,0.27,0.003,0.552,0.0020000000000000018,8.060603687352431,0.21890807286364022,2.639265856429996,10.985,0.386,2.367,7.824,,0.3,0.382,4548.598752500002,AA,http://byw.tools/wiseview#ra=328.1098957&dec=9.633519828&size=100&speed=50&band=3&minbright=-50&maxbright=100&window=1.5&zoom=10&gaia=1&outer_epochs=0
2MASS J21522609+0937575,J215226.09+093757.36,328.10988443680554,0.0695888888888889,9.633277640277777,0.06792569444444445,12.573,0.028,12.574,0.027,12.502,0.027,12.635,0.033,39.642,22.2,47.1,72,0.133,-0.001,0.459,0.0020000000000000018,8.498751639924775,0.2668345639373361,0.03777117891058168,12.187,0.044,12.187,0.042,12.078,0.038,12.339,0.053,25.403,17.0,32.0,72,0.261,0.0,0.582,0.0020000000000000018,9.30189879204778,0.2959984079667685,0.07591761495198482,10.897,0.386,2.25,7.843,,0.3,0.386,3453.1582666600007,AA,http://byw.tools/wiseview#ra=328.1087&dec=9.6326&size=100&speed=50&band=3&minbright=-50&maxbright=100&window=1.5&zoom=10&gaia=1&outer_epochs=0
2MASSW J2147436+143131,J214743.59+143131.05,326.93165276156714,0.06319179104477611,14.525255214925375,0.05978022388059702,12.309,0.025,12.311,0.024,12.234,0.028,12.383,0.032,43.798,29.1,52.1,135,0.149,-0.002,0.483,0.0030000000000000027,11.286945431508911,0.17217351519940977,0.06603425344758757,12.046,0.041,12.042,0.039,11.947,0.044,12.156,0.039,27.171,17.4,33.1,133,0.209,0.004,0.545,0.0020000000000000018,10.458040089434007,0.17830916363465224,0.044493146210974895,11.181,0.41,1.175,7.807,,0.4,0.263,4548.921427519999,AA,http://byw.tools/wiseview#ra=326.9316142&dec=14.525291&size=100&speed=50&band=3&minbright=-50&maxbright=100&window=1.5&zoom=10&gaia=1&outer_epochs=0
2MASSW J2140293+162518,J214029.23+162516.70,325.1219100371571,0.04539576059850375,16.421360929925186,0.04197705735660848,11.422,0.02,11.423,0.019,11.301,0.022,11.532,0.025,55.709,38.8,67.8,200,0.231,-0.001,0.472,0.0,4.058519351848805,0.37721695756622853,187.44525780535704,11.214,0.026,11.215,0.026,11.075,0.024,11.357,0.031,41.682,25.0,50.3,201,0.282,-0.001,0.504,0.0,4.085058271662961,0.41854506312846523,177.91414300169484,10.622,0.26,4.3,7.705,,1.4,0.208,4548.671589409998,AA,http://byw.tools/wiseview#ra=325.1217758&dec=16.42130666&size=100&speed=50&band=3&minbright=-50&maxbright=100&window=1.5&zoom=10&gaia=1&outer_epochs=0
2MASS J21321145+1341584,J213211.45+134156.14,323.0478085291096,0.08963801369863014,13.69889136130137,0.0859181506849315,13.066,0.034,13.058,0.033,12.935,0.03,13.187,0.038,32.324,21.9,38.3,147,0.252,0.008,0.512,0.0040000000000000036,9.809616133606976,0.1442872243052316,0.11374556857201915,12.694,0.061,12.693,0.059,12.523,0.064,12.869,0.065,18.24,10.7,24.3,145,0.346,0.001,0.509,0.0020000000000000018,10.842504544930213,0.17504069729637517,0.021968193218899163,11.132,0.414,1.625,7.805,,0.333,0.372,4548.848322509999,AA,http://byw.tools/wiseview#ra=323.0477158&dec=13.69892717&size=100&speed=50&band=3&minbright=-50&maxbright=100&window=1.5&zoom=10&gaia=1&outer_epochs=0
2MASSW J2101154+175658,J210115.59+175656.15,315.31503887777774,0.1663915824915825,17.948797275084175,0.16167878787878787,14.043,0.056,14.045,0.055,13.885,0.055,14.238,0.062,19.584,12.1,24.5,147,0.353,-0.002,0.547,0.0050000000000000044,9.51429938939546,0.14698847740851048,0.06826659837808968,13.536,0.11,13.55,0.104,13.194,0.094,13.88,0.13,10.17,5.3,15.0,150,0.686,-0.014,0.481,0.006000000000000005,9.622921857134134,0.14565223505733596,0.08724508937760679,11.177,,0.824,7.677,0.371,1.146,0.507,4546.728394029997,AA,http://byw.tools/wiseview#ra=315.314963&dec=17.94893138&size=100&speed=50&band=3&minbright=-50&maxbright=100&window=1.5&zoom=10&gaia=1&outer_epochs=0
SDSS J205235.31-160929.8,J205235.62-160927.38,313.1485869287671,0.19069554794520546,-16.157777388013695,0.19074554794520548,14.234,0.065,14.23,0.063,14.009,0.059,14.529,0.077,16.91,8.9,20.6,147,0.52,0.004,0.575,0.0020000000000000018,8.25787083259082,0.16199558514857407,1.0208015598940916,13.618,0.127,13.613,0.117,13.284,0.079,13.992,0.221,8.964,4.4,13.8,145,0.708,0.005,0.535,0.0010000000000000009,10.763673379951866,0.18206371646598624,0.053860587200186244,10.974,,0.929,7.65,0.459,1.043,0.616,4549.406311979998,AA,http://byw.tools/wiseview#ra=313.1483991&dec=-16.15760671&size=100&speed=50&band=3&minbright=-50&maxbright=100&window=1.5&zoom=10&gaia=1&outer_epochs=0
SDSS J202820.32+005226.5,J202820.45+005226.63,307.0852676774468,0.06075574468085106,0.8739942114893617,0.05903531914893617,12.307,0.025,12.305,0.024,12.241,0.024,12.368,0.027,43.773,30.7,52.2,122,0.127,0.002,0.496,0.0030000000000000027,10.40551521619635,0.18485512927034992,0.1578990749767459,12.046,0.039,12.045,0.039,11.933,0.037,12.176,0.036,27.853,20.1,32.6,113,0.243,0.001,0.539,0.015000000000000013,3.5908417590828834,0.16835130966132472,51.85520806971881,10.85,0.364,2.35,7.802,0.489,2.2,0.26,4549.430254649997,AA,http://byw.tools/wiseview#ra=307.0851877&dec=0.874064332&size=100&speed=50&band=3&minbright=-50&maxbright=100&window=1.5&zoom=10&gaia=1&outer_epochs=0
2MASS J19360187-5502322,J193602.28-550236.77,294.0097479263158,0.06330445344129554,-55.04374852348178,0.06313724696356275,12.292,0.025,12.29,0.025,12.221,0.027,12.362,0.023,43.592,32.4,50.7,124,0.141,0.002,0.511,0.03200000000000003,7.01604723405152,0.13480212340956088,0.6584867007907522,12.042,0.039,12.043,0.038,11.906,0.037,12.16,0.046,28.193,16.6,34.3,123,0.254,-0.001,0.461,0.0,4.745872788697952,0.20388425333043164,28.10650678739703,10.944,0.349,2.875,7.739,,0.48,0.251,4549.50656532,AA,http://byw.tools/wiseview#ra=294.0095146&dec=-55.04354596&size=100&speed=50&band=3&minbright=-50&maxbright=100&window=1.5&zoom=10&gaia=1&outer_epochs=0
2MASSI J1847034+552243,J184703.67+552242.23,281.7653021977233,0.039048861646234674,55.37837391576181,0.03638248686514886,10.672,0.018,10.672,0.018,10.636,0.021,10.711,0.022,60.884,41.6,76.5,283,0.075,-0.0,0.52,0.0010000000000000009,11.973362135348408,0.0905827866255533,0.026230579553483072,10.496,0.02,10.496,0.02,10.43,0.021,10.563,0.022,54.229,35.6,66.1,288,0.133,-0.0,0.504,0.0030000000000000027,10.210196524318858,0.0832014278212283,0.8069598877650846,10.352,0.189,6.056,7.688,0.244,1.284,0.176,4184.436700679995,AA,http://byw.tools/wiseview#ra=281.7652764&dec=55.37839837&size=100&speed=50&band=3&minbright=-50&maxbright=100&window=1.5&zoom=10&gaia=1&outer_epochs=0
SCR J1845-6357,J184511.73-635737.00,281.3002882059072,0.026372573839662447,-63.96032678396624,0.02367257383966245,8.151,0.015,8.153,0.015,8.112,0.019,8.195,0.017,70.806,50.9,83.1,121,0.083,-0.002,0.506,0.0020000000000000018,9.327059186948347,0.1920140481805897,0.06370632134483255,7.809,0.013,7.81,0.013,7.761,0.014,7.856,0.015,85.238,66.7,106.2,116,0.095,-0.001,0.484,0.007000000000000006,9.191082211805602,0.16555291454434337,0.1785095787872089,,,,,,,0.342,1991.95863809,AA,http://byw.tools/wiseview#ra=281.2988546&dec=-63.96027906&size=100&speed=50&band=3&minbright=-50&maxbright=100&window=1.5&zoom=10&gaia=1&outer_epochs=0
WISEPA J184124.74+700038.0,J184124.56+700040.79,280.3527770162121,0.6458054545454545,70.01135607090909,0.6617487878787879,16.243,0.269,16.268,0.269,15.561,0.193,16.693,0.345,4.181,3.1,7.2,253,1.132,-0.025,0.375,0.013000000000000012,9.5350915750559,0.11266092219662663,0.06594686441132742,14.324,0.199,14.313,0.19,13.766,0.16,14.887,0.249,5.704,3.2,9.1,407,1.121,0.011,0.512,0.0020000000000000018,12.064842812354742,0.065735999872815,0.031229157416870493,11.337,0.461,0.999,7.765,0.441,1.08,1.919,4215.785310350002,AA,http://byw.tools/wiseview#ra=280.3523361&dec=70.01133161&size=100&speed=50&band=3&minbright=-50&maxbright=100&window=1.5&zoom=10&gaia=1&outer_epochs=0
LP 44-334,J184001.99+724057.17,280.0093826163064,0.030955992141453833,72.6825291626719,0.03264833005893909,9.777,0.017,9.777,0.016,9.741,0.021,9.808,0.014,65.378,41.2,81.8,254,0.067,-0.0,0.463,0.0030000000000000027,6.103228166386867,0.09756524933063183,9.520465193024267,9.569,0.016,9.568,0.016,9.53,0.018,9.615,0.021,68.13,37.0,83.9,255,0.085,0.001,0.553,0.007000000000000006,3.6385893210682547,0.09325430381090025,185.05740393559313,9.31,0.074,14.671,7.806,0.467,1.311,0.208,4367.354732879998,AA,http://byw.tools/wiseview#ra=280.00829721646267&dec=72.68254620119747&size=100&speed=50&band=3&minbright=-50&maxbright=100&window=1.5&zoom=10&gaia=1&outer_epochs=0
WISE J180952.53-044812.5,J180952.51-044814.09,272.46880114180794,0.10267401129943501,-4.804360979096045,0.1081361581920904,13.289,0.04,13.284,0.039,13.108,0.042,13.472,0.044,27.683,16.9,33.4,90,0.364,0.005,0.516,0.0030000000000000027,9.594344634516364,0.22500626238519367,0.06644135652487022,12.748,0.066,12.747,0.064,12.556,0.063,12.983,0.071,16.783,11.0,21.6,87,0.427,0.001,0.553,0.0,9.337423127295528,0.2425620263277617,0.8619351413249853,11.246,,0.3,7.722,,0.7,0.541,4382.36557021,AA,http://byw.tools/wiseview#ra=272.4688041&dec=-4.803914307&size=100&speed=50&band=3&minbright=-50&maxbright=100&window=1.5&zoom=10&gaia=1&outer_epochs=0
2MASSW J1750129+442404,J175012.87+442406.89,267.5536944982041,0.04458241965973535,44.401910920321356,0.04538799621928166,11.485,0.021,11.485,0.02,11.431,0.017,11.541,0.021,53.518,30.1,66.5,526,0.11,-0.0,0.509,0.0010000000000000009,6.300485125306615,0.05994341355353621,16.541425386467118,11.258,0.026,11.259,0.026,11.177,0.026,11.339,0.024,41.866,26.1,49.7,532,0.162,-0.001,0.494,0.0,16.43613496273321,0.07891048023617143,0.06429260432095056,10.856,0.305,3.513,7.815,,0.58,0.226,4384.0291082600015,AA,http://byw.tools/wiseview#ra=267.5536391&dec=44.40191454&size=100&speed=50&band=3&minbright=-50&maxbright=100&window=1.5&zoom=10&gaia=1&outer_epochs=0
LSPM J1735+2634,J173513.14+263442.73,263.8048631223228,0.03169939668174962,26.578312124283556,0.030713876319758672,9.893,0.017,9.894,0.016,9.851,0.017,9.932,0.018,65.828,40.8,83.0,334,0.081,-0.001,0.469,0.006000000000000005,11.109124139064999,0.06578300143364259,0.07515757458929456,9.656,0.016,9.656,0.016,9.61,0.019,9.7,0.018,68.133,41.5,84.8,329,0.09,0.0,0.489,0.0,3.6491492707386124,0.08998385259327267,92.04454846902833,9.375,0.08,13.57,7.687,,0.943,0.237,4547.000694369999,BA,http://byw.tools/wiseview#ra=263.8047564&dec=26.57853485&size=100&speed=50&band=3&minbright=-50&maxbright=100&window=1.5&zoom=10&gaia=1&outer_epochs=0
2MASSW J1728114+394859,J172811.51+394859.50,262.04815368282937,0.0862696544276458,39.816368615766734,0.09250269978401728,13.104,0.034,13.103,0.033,12.997,0.039,13.205,0.037,32.671,20.5,39.0,464,0.208,0.001,0.49,0.0020000000000000018,3.881588149214757,0.06258369898867401,188.52405075663,12.674,0.056,12.674,0.054,12.5,0.057,12.863,0.077,19.564,11.0,24.9,462,0.363,0.0,0.521,0.0,3.554583758963535,0.09190046297604149,91.85155635787356,11.224,0.42,1.8,7.803,0.303,0.967,0.43,4549.713758260004,AA,http://byw.tools/wiseview#ra=262.0479496&dec=39.81652893&size=100&speed=50&band=3&minbright=-50&maxbright=100&window=1.5&zoom=10&gaia=1&outer_epochs=0
WISEPA J171104.60+350036.8,J171104.54+350037.00,257.7688127306397,0.8080996632996633,35.01012603872054,0.9056447811447811,16.731,0.394,16.74,nan,15.81,nan,17.256,nan,1.112,-3.5,4.4,152,1.446,-0.009,0.357,1.0,nan,nan,4548.995321809998,14.533,0.235,14.538,0.23,13.966,0.195,15.073,0.291,4.769,3.1,7.2,145,1.107,-0.005,0.483,0.0040000000000000036,4.683274976126023,0.14475738113687417,10.140426486424426,11.379,,0.671,7.871,,0.46,2.199,4548.995321809998,BA,http://byw.tools/wiseview#ra=257.7689209&dec=35.01027805&size=100&speed=50&band=3&minbright=-50&maxbright=100&window=1.5&zoom=10&gaia=1&outer_epochs=0
2MASS J17072343-0558249,J170723.42-055825.32,256.8481853591837,0.03354244897959184,-5.97350056122449,0.03276857142857143,10.235,0.017,10.236,0.017,10.201,0.024,10.268,0.02,64.116,35.4,77.3,125,0.067,-0.001,0.478,0.0010000000000000009,11.699418135534218,0.20850729022587539,0.0601121406687737,9.965,0.017,9.963,0.017,9.911,0.023,10.006,0.017,63.48,36.3,77.3,120,0.095,0.002,0.453,0.0010000000000000009,10.394116741575962,0.1993228177275589,0.11590057054229269,9.014,0.134,9.31,7.046,,1.0,0.27,4548.316996610003,AA,http://byw.tools/wiseview#ra=256.8476&dec=-5.9737&size=100&speed=50&band=3&minbright=-50&maxbright=100&window=1.5&zoom=10&gaia=1&outer_epochs=0
SIMP J1619275+031350,J161927.60+031347.60,244.86487635069125,0.16376635944700463,3.2295169331797235,0.18016082949308757,14.198,0.062,14.2,0.06,13.998,0.069,14.393,0.067,17.849,11.6,22.2,111,0.395,-0.002,0.489,0.0,5.653030350354651,0.2821541039088589,13.53425404516673,13.206,0.091,13.192,0.087,12.949,0.114,13.518,0.348,12.564,3.1,17.5,106,0.569,0.014,0.572,0.0,8.98916318711969,0.2375179749101898,0.06468007359109651,10.895,0.387,2.25,7.58,0.435,1.088,0.992,4545.704791969998,AA,http://byw.tools/wiseview#ra=244.8650187&dec=3.229889969&size=100&speed=50&band=3&minbright=-50&maxbright=100&window=1.5&zoom=10&gaia=1&outer_epochs=0
LSR J1610-0040,J161028.14-004113.78,242.6168464606491,0.04970588235294118,-0.6876825492900609,0.05160750507099392,11.672,0.022,11.672,0.021,11.6,0.032,11.733,0.021,50.732,32.0,62.3,254,0.133,-0.0,0.459,0.0,4.011676109243307,0.16751845665751955,186.55142208975434,11.581,0.032,11.584,0.031,11.476,0.035,11.691,0.037,34.402,18.3,42.0,239,0.215,-0.003,0.498,0.0,3.814933436305208,0.27366198124978636,178.72583072005244,10.915,0.393,2.056,7.608,0.488,0.875,0.091,4551.854698990006,AA,http://byw.tools/wiseview#ra=242.6172373&dec=-0.68716207&size=100&speed=50&band=3&minbright=-50&maxbright=100&window=1.5&zoom=10&gaia=1&outer_epochs=0
2MASSI J1600054+170832,J160005.47+170832.64,240.02269953613447,0.15877100840336136,17.14256039159664,0.17698277310924368,14.13,0.058,14.126,0.056,14.0,0.055,14.317,0.071,19.0,11.6,23.0,121,0.317,0.004,0.603,0.026000000000000023,8.07069043312368,0.14996864387619957,0.19362660154823635,13.85,0.141,13.843,0.132,13.542,0.116,14.229,0.188,8.012,4.2,11.6,117,0.687,0.007,0.562,0.01200000000000001,8.823892802644899,0.17134756260888115,0.038014392710192066,10.966,,1.7,7.8,,0.7,0.28,4544.777774659997,AA,http://byw.tools/wiseview#ra=240.0228&dec=17.1424&size=100&speed=50&band=3&minbright=-50&maxbright=100&window=1.5&zoom=10&gaia=1&outer_epochs=0
2MASSI J1553022+153236,J155301.92+153239.18,238.25733528854627,0.225520704845815,15.544444703524231,0.2506418502202643,15.227,0.128,15.222,0.122,14.807,0.116,15.607,0.201,8.804,3.2,12.5,112,0.8,0.005,0.481,0.010000000000000009,9.245163696007323,0.18305708892102324,0.225437916991854,13.098,0.081,13.097,0.077,12.898,0.066,13.33,0.089,13.915,7.8,19.2,115,0.432,0.001,0.539,0.0,11.529135960762336,0.2331509372007876,0.053058163870699386,11.074,,1.289,7.75,,0.667,2.129,4545.061359070001,AA,http://byw.tools/wiseview#ra=238.258018&dec=15.54421742&size=100&speed=50&band=3&minbright=-50&maxbright=100&window=1.5&zoom=10&gaia=1&outer_epochs=0
2MASS J15500845+1455180,J155008.62+145515.62,237.53575460643776,0.06959656652360516,14.920985336909872,0.0754961373390558,12.661,0.028,12.659,0.028,12.599,0.031,12.729,0.031,39.027,28.9,45.5,114,0.13,0.002,0.538,0.0030000000000000027,10.012141820323357,0.19948131979810246,0.08132343002758191,12.373,0.049,12.365,0.048,12.258,0.047,12.491,0.046,22.619,14.2,29.2,119,0.233,0.008,0.541,0.0040000000000000036,10.087279088560368,0.1904490298651468,0.1227457517976528,11.117,0.337,1.38,7.618,0.332,1.5,0.288,4549.571290380001,AA,http://byw.tools/wiseview#ra=237.5359212&dec=14.92100497&size=100&speed=50&band=3&minbright=-50&maxbright=100&window=1.5&zoom=10&gaia=1&outer_epochs=0
DENIS-P J154747.2-242349,J154747.03-242351.65,236.94584010921054,0.06377605263157894,-24.397720993157897,0.06844657894736843,12.413,0.027,12.41,0.026,12.351,0.024,12.479,0.03,41.264,22.8,50.4,195,0.128,0.003,0.539,0.0020000000000000018,6.947022153837036,0.13910892630161797,5.7074357775875795,12.099,0.043,12.099,0.042,11.969,0.046,12.229,0.068,25.365,16.1,30.5,185,0.26,0.0,0.5,0.0010000000000000009,10.316147378589562,0.13245565289206168,0.032575541172987166,10.784,0.22,3.9,7.702,,0.3,0.314,4545.5921011300015,AA,http://byw.tools/wiseview#ra=236.9459586&dec=-24.39768025&size=100&speed=50&band=3&minbright=-50&maxbright=100&window=1.5&zoom=10&gaia=1&outer_epochs=0
2MASSI J1534498-295227,J153450.00-295231.24,233.70843539135802,0.12930740740740743,-29.875728878395055,0.14215802469135802,13.93,0.055,13.924,0.053,13.715,0.057,14.17,0.062,20.054,9.0,25.0,168,0.455,0.006,0.541,0.0,3.701911468324409,0.19607815321582914,90.36217621809148,12.628,0.06,12.624,0.058,12.481,0.059,12.809,0.096,18.378,11.3,23.4,156,0.328,0.004,0.564,0.0040000000000000036,9.316699202568081,0.13845616806792882,0.1178634024746241,10.975,0.481,1.625,7.681,0.442,0.975,1.302,4545.217463770001,AA,http://byw.tools/wiseview#ra=233.7083479&dec=-29.87534383&size=100&speed=50&band=3&minbright=-50&maxbright=100&window=1.5&zoom=10&gaia=1&outer_epochs=0
SDSS J153417.05+161546.1,J153417.02+161546.12,233.57075516772906,0.4310932270916335,16.26268262868526,0.48079203187250996,15.388,0.146,15.389,0.138,14.979,0.117,15.85,0.226,7.756,4.1,10.8,131,0.871,-0.001,0.529,0.006000000000000005,9.821983914319897,0.17683243210441374,0.07472079962606064,14.443,0.241,14.45,0.239,13.849,0.158,14.912,0.341,4.759,3.1,8.0,120,1.063,-0.006,0.435,0.006000000000000005,10.458761233610161,0.20640567998799442,0.05572416153472552,11.145,0.403,1.631,7.736,0.467,0.75,0.945,4547.251323830002,AA,http://byw.tools/wiseview#ra=233.5709294&dec=16.26280976&size=100&speed=50&band=3&minbright=-50&maxbright=100&window=1.5&zoom=10&gaia=1&outer_epochs=0
2MASS J15200224-4422419,J152001.31-442247.90,230.00492147281557,0.04281359223300971,-44.38024707233009,0.044952912621359226,11.345,0.02,11.345,0.019,11.288,0.021,11.409,0.021,55.121,30.1,68.5,206,0.121,0.0,0.529,0.0010000000000000009,11.632987046803235,0.1255375400900006,0.14344084749759506,11.121,0.026,11.121,0.025,11.033,0.028,11.201,0.029,42.41,26.8,50.4,206,0.168,-0.0,0.476,0.0010000000000000009,12.216109082503724,0.15195619531056057,0.06462445493750231,10.697,0.288,4.075,7.664,,1.025,0.225,4552.8316250200005,AA,http://byw.tools/wiseview#ra=230.0054667&dec=-44.37997357&size=100&speed=50&band=3&minbright=-50&maxbright=100&window=1.5&zoom=10&gaia=1&outer_epochs=0
SDSS J151114.66+060742.9,J151114.42+060739.48,227.8097351665,0.1288145,6.1274682125,0.14280400000000001,13.711,0.048,13.71,0.046,13.577,0.058,13.842,0.066,23.159,12.0,27.2,103,0.265,0.001,0.498,0.013000000000000012,8.591277736963058,0.18675619658065318,0.24602875501552757,13.225,0.091,13.21,0.089,13.022,0.139,13.418,0.095,12.323,7.4,18.2,97,0.396,0.015,0.525,0.01100000000000001,9.114588342900566,0.2058880291156959,0.17735835780527853,11.294,0.463,0.867,7.596,,0.983,0.487,4547.41508662,AA,http://byw.tools/wiseview#ra=227.8100701&dec=6.127634205&size=100&speed=50&band=3&minbright=-50&maxbright=100&window=1.5&zoom=10&gaia=1&outer_epochs=0
SIMP J1501530-013506,J150152.77-013507.01,225.4697606414634,0.11714634146341465,-1.5855895146341465,0.12823048780487803,13.536,0.043,13.529,0.041,13.449,0.039,13.659,0.044,25.899,16.7,30.5,83,0.21,0.007,0.619,0.0050000000000000044,10.13258153277785,0.2344306459739033,0.15811070307256803,13.229,0.092,13.22,0.086,12.955,0.085,13.519,0.121,12.114,6.7,16.6,81,0.564,0.009,0.53,0.006000000000000005,8.490915856576269,0.23770542949031737,0.4296284688505586,11.063,,0.767,7.787,,0.4,0.307,4546.557592559999,AA,http://byw.tools/wiseview#ra=225.4698728&dec=-1.585279934&size=100&speed=50&band=3&minbright=-50&maxbright=100&window=1.5&zoom=10&gaia=1&outer_epochs=0
CFBDSIR J145829+101343,J145829.40+101340.37,224.62276228333334,1.1467166666666666,10.22771745,1.1809666666666667,16.826,0.341,16.904,nan,16.312,0.328,17.219,nan,0.35,-3.7,3.8,12,0.907,-0.078,0.347,1.0,nan,nan,4543.620683929999,14.614,0.322,14.592,nan,13.707,nan,15.205,0.429,3.367,1.9,5.0,12,1.498,0.021,0.409,0.646,nan,nan,4543.620683929999,11.14,,0.667,7.889,,0.1,2.212,4543.620683929999,BB,http://byw.tools/wiseview#ra=224.6225052&dec=10.22788009&size=100&speed=50&band=3&minbright=-50&maxbright=100&window=1.5&zoom=10&gaia=1&outer_epochs=0
Gl 569B,J145429.56+160602.05,223.62322788401556,0.03947836257309942,16.100595620077968,0.03737719298245614,4.891,0.059,4.834,0.056,4.077,0.081,5.839,0.021,21.085,5.7,75.2,253,1.762,0.057,0.57,0.0020000000000000018,9.413268527058792,0.28706323107306697,0.06646451183657531,5.077,0.019,5.105,0.016,4.416,0.014,5.769,0.015,67.633,13.8,194.1,260,1.353,-0.028,0.491,0.019000000000000017,8.024057323865927,0.1692299368800339,0.2407522005650358,5.431,0.014,80.598,5.332,0.063,17.481,-0.186,4543.467503990003,AA,http://byw.tools/wiseview#ra=223.6231722649271&dec=16.100568962035837&size=100&speed=50&band=3&minbright=-50&maxbright=100&window=1.5&zoom=10&gaia=1&outer_epochs=0
HD 130948BC,J145016.01+235441.76,222.56665590988703,0.03268531073446328,23.91195394322034,0.032455367231638416,3.511,0.094,3.475,0.078,1.916,0.023,4.944,0.044,16.851,3.2,118.7,181,3.028,0.036,0.485,0.03200000000000003,5.645076817330143,0.40468526486393924,0.04539093610851786,3.476,0.02,3.498,0.01,2.382,0.026,4.364,0.025,113.234,5.4,291.7,173,1.982,-0.022,0.437,0.0050000000000000044,9.185662803639062,0.1772988773662902,0.15728628840192854,4.461,0.013,86.092,4.423,0.041,28.111,0.035,4550.89525424,AA,http://byw.tools/wiseview#ra=222.5667&dec=23.9116&size=100&speed=50&band=3&minbright=-50&maxbright=100&window=1.5&zoom=10&gaia=1&outer_epochs=0
2MASSW J1449378+235537,J144937.85+235537.92,222.40787220960854,0.17874697508896797,23.92729728540925,0.1978387900355872,14.176,0.06,14.18,0.058,14.023,0.059,14.354,0.094,18.332,11.6,23.6,142,0.331,-0.004,0.526,0.008000000000000007,9.078918970478975,0.1451178379836519,0.1482164474401164,13.947,0.162,13.936,0.152,13.545,0.153,14.445,0.252,7.094,3.6,10.4,139,0.9,0.011,0.566,0.014000000000000012,8.698812409459896,0.13519030683561106,0.04923640536488353,11.122,0.409,1.421,7.705,,0.742,0.23,4543.002092679999,AA,http://byw.tools/wiseview#ra=222.4077&dec=23.9272&size=100&speed=50&band=3&minbright=-50&maxbright=100&window=1.5&zoom=10&gaia=1&outer_epochs=0
DENIS-P J144137.2-094558,J144136.92-094559.43,220.40374567383176,0.06412757009345796,-9.766490378971962,0.0693392523364486,12.347,0.026,12.348,0.025,12.286,0.023,12.416,0.033,42.542,32.6,49.1,106,0.13,-0.001,0.523,0.0,9.357618055286157,0.2749992971545567,1.409589585290013,12.125,0.046,12.125,0.042,11.935,0.042,12.271,0.056,24.753,7.5,31.3,108,0.336,-0.0,0.433,0.013000000000000012,8.18212082338036,0.17263951652142387,0.0758877066120534,11.076,0.438,1.254,7.652,,0.533,0.222,4546.913125269995,AA,http://byw.tools/wiseview#ra=220.40383&dec=-9.766509481&size=100&speed=50&band=3&minbright=-50&maxbright=100&window=1.5&zoom=10&gaia=1&outer_epochs=0
2MASSI J1430435+291540,J143043.33+291543.32,217.68047619690722,0.06258728522336769,29.26194643539519,0.06730549828178692,12.32,0.025,12.32,0.025,12.253,0.028,12.398,0.034,43.567,32.1,51.6,147,0.145,0.0,0.538,0.0010000000000000009,11.32938733636773,0.16564589632078025,0.09636436916120575,12.051,0.04,12.054,0.038,11.93,0.049,12.154,0.046,27.858,14.7,33.8,144,0.224,-0.003,0.444,0.0,12.015444841540202,0.20486034904350353,0.03370360744473655,10.994,0.364,2.444,7.753,,0.85,0.269,4541.916114510001,AA,http://byw.tools/wiseview#ra=217.6805429&dec=29.26203433&size=100&speed=50&band=3&minbright=-50&maxbright=100&window=1.5&zoom=10&gaia=1&outer_epochs=0
2MASSI J1426316+155701,J142631.70+155700.49,216.63212120194177,0.0423116504854369,15.950067933495147,0.044604854368932044,11.455,0.02,11.454,0.019,11.41,0.025,11.505,0.021,55.326,42.7,63.2,104,0.095,0.001,0.537,0.0010000000000000009,9.67762965629671,0.2382316986630639,0.9961562322607866,11.255,0.027,11.252,0.027,11.2,0.025,11.324,0.028,40.502,28.2,47.9,102,0.124,0.003,0.581,0.0,10.40285412039358,0.22032865561623144,0.14987353186051605,10.742,0.304,3.7,7.692,,0.45,0.2,4366.285586829996,AA,http://byw.tools/wiseview#ra=216.632088&dec=15.95013504&size=100&speed=50&band=3&minbright=-50&maxbright=100&window=1.5&zoom=10&gaia=1&outer_epochs=0
2MASS J14044941-3159329,J140449.86-315932.81,211.2079534649606,0.12496456692913385,-31.992641401574804,0.1408196850393701,13.805,0.049,13.807,0.048,13.703,0.043,13.95,0.049,22.236,15.1,26.1,130,0.247,-0.002,0.579,0.0050000000000000044,10.102928797200935,0.17102932627596876,0.17850918916705047,12.931,0.074,12.923,0.071,12.767,0.077,13.131,0.086,15.123,9.2,20.5,124,0.364,0.008,0.571,0.0030000000000000027,10.911499637229843,0.1919614410234129,0.07160162158181267,11.153,0.46,1.729,7.768,,0.42,0.874,4546.652849309998,AA,http://byw.tools/wiseview#ra=211.2077333&dec=-31.99244787&size=100&speed=50&band=3&minbright=-50&maxbright=100&window=1.5&zoom=10&gaia=1&outer_epochs=0
2MASS J13411160-3052505,J134111.63-305253.29,205.29844641811596,0.07396847826086957,-30.881468748188404,0.08095398550724639,12.738,0.03,12.739,0.028,12.666,0.027,12.813,0.035,37.24,21.1,44.2,139,0.147,-0.001,0.503,0.0020000000000000018,9.517634079090465,0.1732988904311267,0.564764708138581,12.449,0.053,12.449,0.05,12.288,0.056,12.61,0.072,20.914,11.9,25.9,137,0.322,0.0,0.5,0.0010000000000000009,11.076658295206236,0.18168092710645706,0.14558110500267568,11.003,0.441,1.655,7.561,,1.033,0.289,4543.1932181500015,AA,http://byw.tools/wiseview#ra=205.2984671&dec=-30.88147014&size=100&speed=50&band=3&minbright=-50&maxbright=100&window=1.5&zoom=10&gaia=1&outer_epochs=0
2MASSI J1315309-264951,J131530.03-264956.22,198.8748383008547,0.07274159544159543,-26.832473948148145,0.0800037037037037,12.749,0.029,12.75,0.029,12.659,0.029,12.825,0.03,37.214,25.1,44.2,180,0.166,-0.001,0.452,0.0020000000000000018,4.479255479775764,0.13844065160834396,28.08714545255565,12.349,0.049,12.35,0.047,12.209,0.042,12.519,0.05,22.526,9.8,29.4,171,0.31,-0.001,0.545,0.01200000000000001,9.474706657234247,0.12103674999241636,0.0870959871053629,11.102,0.44,1.268,7.745,,0.789,0.4,4542.627657860001,AA,http://byw.tools/wiseview#ra=198.8751458&dec=-26.83228433&size=100&speed=50&band=3&minbright=-50&maxbright=100&window=1.5&zoom=10&gaia=1&outer_epochs=0
LSPM J1314+1320,J131420.09+131958.08,198.58359479118943,0.026790748898678416,13.332696601762112,0.026843612334801762,8.57,0.016,8.57,0.015,8.524,0.019,8.617,0.016,69.974,52.7,84.1,117,0.093,-0.0,0.505,0.0020000000000000018,10.300056173185439,0.1806718849688646,0.06454997671205545,8.35,0.014,8.351,0.013,8.296,0.024,8.4,0.015,81.138,41.6,99.4,110,0.104,-0.001,0.471,0.0,11.525759211495421,0.2468563577754773,0.06451423864976658,8.147,0.035,31.029,7.501,,0.843,0.22,4367.097842679999,AA,http://byw.tools/wiseview#ra=198.5837&dec=13.3328&size=100&speed=50&band=3&minbright=-50&maxbright=100&window=1.5&zoom=10&gaia=1&outer_epochs=0
2MASS J13113921+8032219,J131140.72+803218.94,197.91993217442453,0.0449460358056266,80.53844900102301,0.04516419437340153,11.457,0.021,11.456,0.02,11.404,0.023,11.507,0.02,52.937,38.1,64.4,179,0.103,0.001,0.495,0.0010000000000000009,11.692984756964698,0.13985584331486947,0.06575318412372169,11.248,0.026,11.248,0.025,11.17,0.03,11.314,0.025,42.395,29.5,49.7,212,0.144,-0.0,0.455,0.0050000000000000044,9.775173282019798,0.10311761763852369,0.022055789676158545,11.102,0.379,3.167,7.775,0.519,1.26,0.208,4577.999691429999,AA,http://byw.tools/wiseview#ra=197.9196533&dec=80.53859508&size=100&speed=50&band=3&minbright=-50&maxbright=100&window=1.5&zoom=10&gaia=1&outer_epochs=0
Kelu-1,J130539.79-254106.15,196.4157116991837,0.043176122448979594,-25.685077919183673,0.04564142857142857,11.244,0.02,11.244,0.019,11.185,0.027,11.305,0.026,55.493,37.5,68.1,247,0.12,-0.0,0.508,0.0,4.187503380777629,0.11690689119851282,91.8247849928571,10.943,0.024,10.945,0.024,10.854,0.023,11.031,0.026,45.386,30.8,56.3,243,0.177,-0.002,0.486,0.0,3.6391891645392063,0.24683428496686366,186.15844389262287,10.541,0.274,4.523,7.725,0.44,0.994,0.301,4542.266030979998,AA,http://byw.tools/wiseview#ra=196.4157915&dec=-25.68504264&size=100&speed=50&band=3&minbright=-50&maxbright=100&window=1.5&zoom=10&gaia=1&outer_epochs=0
VHS J125601.92-125723.9 AB,J125601.86-125724.61,194.0075066665025,0.030783004926108377,-12.957030745812808,0.03162758620689655,9.815,0.017,9.817,0.016,9.77,0.018,9.857,0.018,65.632,42.7,78.4,204,0.087,-0.002,0.46,0.01200000000000001,9.454302195761317,0.10019109024645188,0.04018734842423538,9.591,0.016,9.592,0.016,9.532,0.019,9.647,0.017,67.721,40.7,80.6,202,0.115,-0.001,0.478,0.0,3.8841264282281323,0.15774862154732117,187.13641771277483,9.38,0.093,11.757,7.59,0.395,1.027,0.225,4541.177069830002,AA,http://byw.tools/wiseview#ra=194.0077436&dec=-12.95683526&size=100&speed=50&band=3&minbright=-50&maxbright=100&window=1.5&zoom=10&gaia=1&outer_epochs=0
2MASSW J1239272+551537,J123927.56+551537.48,189.86480039353103,0.05118814016172507,55.260351796765505,0.05611805929919138,12.049,0.023,12.048,0.023,11.989,0.026,12.11,0.025,47.291,34.3,54.8,178,0.121,0.001,0.512,0.0,9.311848356688522,0.14332976524459048,1.8215924935915289,11.695,0.032,11.696,0.032,11.607,0.032,11.79,0.037,34.075,23.5,41.4,193,0.183,-0.001,0.514,0.007000000000000006,5.237711026532845,0.11177512600202992,28.156604727132887,10.984,0.33,2.789,7.608,,0.969,0.354,4576.386821649998,AA,http://byw.tools/wiseview#ra=189.8648202&dec=55.26041212&size=100&speed=50&band=3&minbright=-50&maxbright=100&window=1.5&zoom=10&gaia=1&outer_epochs=0
DENIS-P J122813.8-154711,J122815.39-154737.46,187.06418445110504,0.05280552486187844,-15.793844726243092,0.05707845303867404,12.02,0.023,12.019,0.023,11.95,0.024,12.089,0.025,46.976,35.3,57.9,182,0.139,0.001,0.504,0.0,4.528308349986241,0.18510507918241276,91.73992922878152,11.708,0.034,11.707,0.033,11.623,0.037,11.815,0.05,32.481,20.6,40.1,180,0.192,0.001,0.562,0.0020000000000000018,11.535154151636547,0.14903663457821276,0.06446455899859069,10.99,0.413,2.467,7.731,,0.967,0.313,4366.82063129,AA,http://byw.tools/wiseview#ra=187.0641093&dec=-15.79374016&size=100&speed=50&band=3&minbright=-50&maxbright=100&window=1.5&zoom=10&gaia=1&outer_epochs=0
2MASS J12255432-2739466,J122554.79-273956.20,186.47858499639833,0.16753538135593218,-27.666284772669492,0.18674237288135592,14.679,0.086,14.673,0.084,14.445,0.065,14.942,0.108,12.839,7.3,17.1,242,0.497,0.006,0.541,0.06999999999999995,8.014086017559272,0.07590853152890241,0.1795216709801765,12.756,0.064,12.747,0.063,12.576,0.047,12.907,0.08,17.289,8.9,23.2,230,0.331,0.009,0.483,0.0050000000000000044,10.50123908923351,0.10830278781339865,0.026756064003009814,10.977,0.37,2.488,7.604,0.355,1.187,1.922,4540.779648769996,AA,http://byw.tools/wiseview#ra=186.4782712&dec=-27.66561072&size=100&speed=50&band=3&minbright=-50&maxbright=100&window=1.5&zoom=10&gaia=1&outer_epochs=0
WISEPC J121756.91+162640.2,J121757.19+162634.04,184.48862173710938,0.279976171875,16.44228111640625,0.31065781249999996,16.251,0.285,16.28,0.289,15.73,0.178,16.596,0.349,3.932,3.1,6.1,59,0.866,-0.029,0.365,0.0040000000000000036,7.910461472653039,0.36017507245950914,0.07224474192970885,13.113,0.083,13.108,0.08,12.884,0.114,13.317,0.099,13.419,6.4,17.4,197,0.433,0.005,0.483,0.014000000000000012,9.293881960763244,0.10361280028537366,0.29569912825016753,11.155,0.492,1.086,7.655,,0.9,3.139,4366.796016259999,AA,http://byw.tools/wiseview#ra=184.4882878&dec=16.44278755&size=100&speed=50&band=3&minbright=-50&maxbright=100&window=1.5&zoom=10&gaia=1&outer_epochs=0
2MASS J12095613-1004008,J120956.39-100405.99,182.4851922637405,0.22815763358778623,-10.068745124427481,0.25495954198473286,14.678,0.087,14.669,0.084,14.416,0.077,14.958,0.138,12.68,7.5,17.2,137,0.542,0.009,0.533,0.0040000000000000036,10.006281929422027,0.163500790601137,0.11164966593178893,13.505,0.12,13.503,0.115,13.147,0.142,13.882,0.175,9.432,3.8,13.0,125,0.735,0.002,0.516,0.0040000000000000036,10.76448693134804,0.17916561601508504,0.14771352785041483,11.187,0.504,1.543,7.642,,0.66,1.173,4364.430101140002,AA,http://byw.tools/wiseview#ra=182.4849547&dec=-10.06833136&size=100&speed=50&band=3&minbright=-50&maxbright=100&window=1.5&zoom=10&gaia=1&outer_epochs=0
2MASSW J1207334-393254,J120733.46-393253.88,181.88906512066927,0.04368149606299212,-39.54846098838583,0.04724330708661417,11.567,0.021,11.566,0.02,11.507,0.019,11.635,0.026,52.566,33.8,63.6,253,0.128,0.001,0.539,0.0,16.420077369215335,0.16887046262787975,0.06538308699321865,11.023,0.024,11.021,0.024,10.924,0.025,11.121,0.029,44.958,32.3,54.3,255,0.197,0.002,0.508,0.0,17.31161656880969,0.19845404087328308,0.033031574150561335,9.455,0.089,12.394,7.414,0.318,2.275,0.544,4541.5375552199985,AA,http://byw.tools/wiseview#ra=181.8894&dec=-39.5483&size=100&speed=50&band=3&minbright=-50&maxbright=100&window=1.5&zoom=10&gaia=1&outer_epochs=0
2MASSW J1146345+223053,J114634.52+223054.14,176.6438833348624,0.05277247706422018,22.5150531793578,0.057495871559633024,12.023,0.023,12.023,0.023,11.981,0.025,12.082,0.027,47.082,31.7,54.6,109,0.101,-0.0,0.584,0.0020000000000000018,9.68978752743793,0.1997784285580648,0.022672685757278876,11.737,0.034,11.731,0.033,11.65,0.031,11.835,0.037,32.436,23.5,39.2,109,0.185,0.006,0.562,0.0050000000000000044,5.508453112340123,0.20273849575362446,3.992800861825059,10.898,0.401,2.123,7.591,,0.778,0.286,4572.4224535999965,AA,http://byw.tools/wiseview#ra=176.6438487&dec=22.51503839&size=100&speed=50&band=3&minbright=-50&maxbright=100&window=1.5&zoom=10&gaia=1&outer_epochs=0
2MASS J11275346+7411076,J112753.37+741107.28,171.97223479525692,0.04411712779973649,74.18525422582346,0.04821251646903821,11.603,0.021,11.605,0.02,11.547,0.026,11.655,0.022,52.624,37.3,62.2,381,0.108,-0.002,0.463,0.0030000000000000027,5.879842807023093,0.067894438792996,15.920079807802017,11.412,0.028,11.411,0.027,11.342,0.028,11.48,0.028,39.198,26.9,47.8,378,0.138,0.001,0.5,0.0,12.041043439706419,0.06936364854518029,0.0692282761728971,10.998,0.325,3.131,7.72,0.463,1.375,0.192,4577.553614070006,AA,http://byw.tools/wiseview#ra=171.9723865&dec=74.18535541&size=100&speed=50&band=3&minbright=-50&maxbright=100&window=1.5&zoom=10&gaia=1&outer_epochs=0
LHS 2397a,J112148.68-131309.30,170.4525247075269,0.035545161290322584,-13.21933191892473,0.03695032258064516,10.37,0.018,10.37,0.017,10.324,0.019,10.417,0.019,62.175,40.4,77.5,232,0.093,0.0,0.505,0.0040000000000000036,10.25128493182845,0.09603177020722158,0.053828481323061596,10.125,0.019,10.125,0.018,10.062,0.019,10.19,0.018,58.503,33.9,69.8,233,0.128,0.0,0.508,0.0,3.968743403874933,0.14582636909267563,92.126726557173,9.608,0.107,10.378,7.517,0.352,1.504,0.245,4366.80683881,AA,http://byw.tools/wiseview#ra=170.4528428&dec=-13.21924873&size=100&speed=50&band=3&minbright=-50&maxbright=100&window=1.5&zoom=10&gaia=1&outer_epochs=0
2MASS J11193254-1137466,J111932.40-113747.53,169.88487057467103,0.10744769736842107,-11.630118680263159,0.12069473684210524,13.554,0.042,13.552,0.041,13.416,0.038,13.694,0.053,25.899,17.4,31.1,159,0.278,0.002,0.511,0.0020000000000000018,10.422980898423148,0.151801981512475,0.10404115296471027,12.883,0.07,12.881,0.066,12.706,0.07,13.086,0.105,15.996,9.8,21.1,145,0.38,0.002,0.539,0.0030000000000000027,8.255846546321937,0.1476811405194836,0.9866738877815265,11.101,,0.929,7.803,0.414,2.65,0.671,4366.2950664699965,AA,http://byw.tools/wiseview#ra=169.8850084&dec=-11.62987032&size=100&speed=50&band=3&minbright=-50&maxbright=100&window=1.5&zoom=10&gaia=1&outer_epochs=0
Gl 417BC,J111225.31+354810.37,168.10536532637363,0.05238351648351648,35.802797684615385,0.05701593406593407,12.01,0.023,12.008,0.023,11.941,0.023,12.111,0.027,47.365,32.8,57.0,117,0.17,0.002,0.606,0.0010000000000000009,10.403172309239524,0.20251090659361096,0.06569261546108737,11.684,0.033,11.683,0.033,11.58,0.03,11.791,0.033,33.089,19.6,41.6,65,0.211,0.001,0.512,0.0,5.903265509721107,0.32840788506152724,3.4342865982886295,11.014,0.39,2.836,7.727,0.442,1.3,0.326,4575.385558679998,BA,http://byw.tools/wiseview#ra=168.1054404&dec=35.80288129&size=100&speed=50&band=3&minbright=-50&maxbright=100&window=1.5&zoom=10&gaia=1&outer_epochs=0
2MASS J11011926-7732383,J110119.22-773238.04,165.3299510840708,0.040521902654867256,-77.54393310796462,0.04240995575221239,11.24,0.02,11.241,0.019,11.175,0.023,11.294,0.02,56.247,32.4,68.7,226,0.119,-0.001,0.445,0.0,3.425670372651411,0.21901916231014798,187.35091579368134,10.872,0.023,10.871,0.022,10.774,0.029,10.968,0.026,47.994,29.1,60.7,226,0.194,0.001,0.5,0.0,3.706584813009456,0.3402140813017732,92.03202881093118,10.735,0.269,4.464,7.772,0.514,0.75,0.368,4546.38222326,AA,http://byw.tools/wiseview#ra=165.3301&dec=-77.5439&size=100&speed=50&band=3&minbright=-50&maxbright=100&window=1.5&zoom=10&gaia=1&outer_epochs=0
2MASSI J1059513-211308,J105951.53-211311.10,164.96473009742994,0.0784714953271028,-21.21983947593458,0.08745584112149533,12.944,0.032,12.944,0.031,12.837,0.035,13.034,0.035,34.609,22.5,40.5,215,0.197,0.0,0.457,0.0,12.584598876227968,0.12932836092976183,0.06812734524353328,12.669,0.059,12.661,0.058,12.478,0.046,12.864,0.058,18.712,11.8,24.0,213,0.386,0.008,0.526,0.007000000000000006,11.017647288257127,0.10553165839673988,0.02299794786162903,11.144,0.448,1.388,7.768,,1.267,0.275,4366.8265754199965,AA,http://byw.tools/wiseview#ra=164.9647281&dec=-21.21974864&size=100&speed=50&band=3&minbright=-50&maxbright=100&window=1.5&zoom=10&gaia=1&outer_epochs=0
SDSS J105213.51+442255.7,J105213.57+442254.59,163.05638518436214,0.11988477366255144,44.381541605349796,0.13494362139917693,13.71,0.046,13.711,0.044,13.595,0.038,13.842,0.049,24.023,14.9,28.4,123,0.247,-0.001,0.53,0.008000000000000007,9.360035649765985,0.1711025667581633,0.05213656087547301,13.163,0.081,13.164,0.078,12.947,0.069,13.441,0.107,13.729,7.5,18.6,120,0.494,-0.001,0.56,0.007000000000000006,5.761665296563155,0.17972106224024478,3.069823600507583,11.155,,0.837,7.753,,0.65,0.547,4576.2883687300055,AA,http://byw.tools/wiseview#ra=163.0565359&dec=44.38182949&size=100&speed=50&band=3&minbright=-50&maxbright=100&window=1.5&zoom=10&gaia=1&outer_epochs=0
Luhman 16,J104914.37-531903.46,162.30783625951221,0.027501463414634147,-53.31784666,0.029055121951219516,7.873,0.017,7.872,0.016,7.801,0.016,7.946,0.017,66.573,38.0,84.4,204,0.145,0.001,0.51,0.0,12.840570757750989,0.15343403479147344,0.06575836515953573,7.296,0.014,7.297,0.013,7.224,0.024,7.361,0.014,81.958,44.3,108.7,206,0.137,-0.001,0.467,0.0,15.573327347489064,0.19725483688149528,0.06575044633119262,6.214,0.016,69.476,5.963,0.1,11.057,0.577,3476.1691138099995,AA,http://byw.tools/wiseview#ra=162.3098875&dec=-53.31762891&size=100&speed=50&band=3&minbright=-50&maxbright=100&window=1.5&zoom=10&gaia=1&outer_epochs=0
LP 213-68,J104713.36+402648.84,161.80538376199527,0.037273634204275534,40.44684958289787,0.03942042755344418,10.968,0.019,10.967,0.018,10.92,0.022,11.016,0.021,58.373,41.3,69.9,211,0.096,0.001,0.51,0.0040000000000000036,9.574557829687619,0.10543446107062676,0.05543507069021282,10.743,0.022,10.741,0.022,10.694,0.026,10.8,0.022,49.898,25.7,59.4,210,0.106,0.002,0.557,0.015000000000000013,8.782569994237342,0.09399903935970257,0.03333346019469032,10.381,0.207,5.325,7.582,,1.1,0.225,4575.945193029998,AA,http://byw.tools/wiseview#ra=161.8056871&dec=40.44689937&size=100&speed=50&band=3&minbright=-50&maxbright=100&window=1.5&zoom=10&gaia=1&outer_epochs=0
LP 213-67,J104712.21+402643.28,161.80051704505496,0.031244835164835165,40.44531812351648,0.03257076923076923,10.184,0.017,10.185,0.017,10.14,0.02,10.224,0.016,64.532,45.7,78.8,225,0.084,-0.001,0.464,0.0040000000000000036,11.002860459667737,0.09770553555314167,0.07600739393542896,9.99,0.017,9.99,0.017,9.927,0.02,10.048,0.022,62.983,44.2,74.9,230,0.121,-0.0,0.479,0.0,4.225620856030545,0.11151223052796505,187.5360236897541,9.766,0.117,9.42,7.517,0.27,1.36,0.194,4575.878978029999,AA,http://byw.tools/wiseview#ra=161.8008783&dec=40.44535531&size=100&speed=50&band=3&minbright=-50&maxbright=100&window=1.5&zoom=10&gaia=1&outer_epochs=0
SDSS J102109.69-030420.1,J102109.50-030421.00,155.28955836481478,0.2525138888888889,-3.0725561981481486,0.2815347222222222,14.759,0.091,14.764,0.088,14.506,0.1,15.049,0.119,12.228,6.7,15.1,114,0.543,-0.005,0.525,0.0030000000000000027,11.200185394527011,0.19543581504787397,0.029824377612128822,13.827,0.15,13.817,0.138,13.417,0.116,14.278,0.21,7.597,3.5,10.3,102,0.861,0.01,0.535,0.006000000000000005,8.520959749921696,0.2058877374774902,0.17998658314793664,11.024,0.421,1.314,7.761,0.518,0.8,0.932,4573.093105070002,AA,http://byw.tools/wiseview#ra=155.2895744&dec=-3.072500412&size=100&speed=50&band=3&minbright=-50&maxbright=100&window=1.5&zoom=10&gaia=1&outer_epochs=0
2MASS J10172689-5354265,J101726.57-535426.55,154.36068011528823,0.026837092731829576,-53.907389005012526,0.028282706766917295,7.415,0.019,7.402,0.018,7.2,0.02,7.613,0.018,59.718,23.0,85.7,208,0.413,0.013,0.511,0.007000000000000006,6.290836363534117,0.10699243649658044,7.721715382362994,7.269,0.013,7.269,0.012,7.214,0.015,7.326,0.012,85.096,46.3,109.0,191,0.112,-0.0,0.509,0.008000000000000007,7.499694992861264,0.12361624247481975,1.0697114241759047,7.088,0.019,56.936,6.851,0.201,5.736,0.146,4367.9170012899995,BA,http://byw.tools/wiseview#ra=154.3607028&dec=-53.90737537&size=100&speed=50&band=3&minbright=-50&maxbright=100&window=1.5&zoom=10&gaia=1&outer_epochs=0
2MASSI J1017075+130839,J101707.59+130837.93,154.28168560051546,0.06045206185567011,13.14376282216495,0.06480979381443298,12.316,0.026,12.314,0.025,12.247,0.025,12.382,0.026,42.646,29.9,51.0,98,0.135,0.002,0.504,0.0,12.471965937975448,0.28111624291803256,0.19312835769932016,12.066,0.041,12.064,0.04,11.962,0.035,12.136,0.042,26.726,17.7,32.5,96,0.174,0.002,0.411,0.006000000000000005,8.43195903811796,0.2098457819749076,0.07202923943406571,10.732,0.317,2.64,7.444,0.371,1.575,0.25,4575.957556879999,AA,http://byw.tools/wiseview#ra=154.2816182&dec=13.14387014&size=100&speed=50&band=3&minbright=-50&maxbright=100&window=1.5&zoom=10&gaia=1&outer_epochs=0
DENIS-P J100428.3-114648,J100428.13-114648.20,151.1171171598063,0.10045593220338983,-11.780007516949153,0.11263438256658596,13.353,0.039,13.349,0.038,13.249,0.034,13.476,0.041,28.466,18.2,34.0,211,0.227,0.004,0.559,0.0050000000000000044,11.353517405521249,0.10986030273802501,0.025627792972564463,13.093,0.081,13.098,0.078,12.827,0.083,13.35,0.095,13.777,8.2,17.8,202,0.523,-0.005,0.483,0.010000000000000009,9.949531800376997,0.10905637825400862,0.05671852294056877,10.983,,1.14,7.677,,0.814,0.26,4573.367644710001,AA,http://byw.tools/wiseview#ra=151.1172026&dec=-11.78005659&size=100&speed=50&band=3&minbright=-50&maxbright=100&window=1.5&zoom=10&gaia=1&outer_epochs=0
2MASS J09522188-1924319,J095221.89-192432.04,148.09079156486487,0.03533288288288288,-19.409443340990993,0.0371990990990991,10.679,0.018,10.679,0.018,10.625,0.017,10.731,0.021,61.425,40.1,76.4,225,0.106,-0.0,0.491,0.0,14.047401645468307,0.13433971087953686,0.02648850997192474,10.48,0.02,10.479,0.02,10.404,0.022,10.549,0.023,54.879,39.9,66.3,219,0.145,0.001,0.483,0.0,4.253616920495515,0.141406105747936,40.67625222887643,10.137,0.166,6.667,7.911,,,0.199,4573.366625600007,AA,http://byw.tools/wiseview#ra=148.0912&dec=-19.4089&size=100&speed=50&band=3&minbright=-50&maxbright=100&window=1.5&zoom=10&gaia=1&outer_epochs=0
SDSSp J092615.38+584720.9,J092615.53+584718.86,141.56418293254902,0.2868603921568627,58.78811618039216,0.3188094117647059,15.179,0.12,15.18,0.115,14.847,0.117,15.526,0.219,9.319,5.0,12.8,126,0.679,-0.001,0.51,0.008000000000000007,8.50058644510605,0.17737001334628524,0.21559999543050426,13.755,0.129,13.76,0.126,13.43,0.144,14.068,0.209,8.795,5.0,13.2,129,0.638,-0.005,0.483,0.0030000000000000027,9.599420545566169,0.20450014354633744,0.028998586920932226,11.27,0.46,1.238,7.699,,1.25,1.424,4576.3829963399985,AA,http://byw.tools/wiseview#ra=141.5646933&dec=58.78857312&size=100&speed=50&band=3&minbright=-50&maxbright=100&window=1.5&zoom=10&gaia=1&outer_epochs=0
2MASSW J0920122+351742,J092012.00+351739.78,140.0498107767742,0.0993341935483871,35.294237527741934,0.11000387096774196,13.292,0.039,13.292,0.038,13.174,0.035,13.403,0.045,28.205,21.6,34.2,78,0.229,-0.0,0.485,0.0020000000000000018,9.715103178074825,0.2807881911502023,0.08740368983000216,12.863,0.067,12.863,0.064,12.688,0.055,13.028,0.101,16.451,10.4,20.3,77,0.34,-0.0,0.485,0.019000000000000017,8.071948314780306,0.24280062132138175,0.1691219456660973,11.226,0.457,0.72,7.802,,0.3,0.429,4573.497127870003,AA,http://byw.tools/wiseview#ra=140.0499909&dec=35.29438259&size=100&speed=50&band=3&minbright=-50&maxbright=100&window=1.5&zoom=10&gaia=1&outer_epochs=0
2MASS J09153413+0422045,J091534.02+042205.32,138.89174180561795,0.05281292134831461,4.368045816292135,0.05634101123595506,12.076,0.024,12.074,0.023,11.998,0.021,12.143,0.024,46.502,30.2,54.3,89,0.145,0.002,0.476,0.0,10.519127378293286,0.3005546283607523,0.032691349958334455,11.71,0.034,11.713,0.033,11.608,0.031,11.826,0.045,32.602,21.5,37.5,89,0.218,-0.003,0.518,0.0020000000000000018,9.929954132780653,0.2573471866843914,0.0665701601482953,10.7,0.29,3.85,7.502,,1.4,0.366,4573.121473589999,AA,http://byw.tools/wiseview#ra=138.8917568&dec=4.368145811&size=100&speed=50&band=3&minbright=-50&maxbright=100&window=1.5&zoom=10&gaia=1&outer_epochs=0
Gl 337CD,J091213.99+145945.04,138.058313746281,0.15011570247933886,14.99564833801653,0.16369090909090908,13.831,0.061,13.597,nan,12.632,0.046,16.228,nan,17.892,-20.8,39.1,62,3.596,0.234,0.732,1.0,nan,nan,4573.571870599997,12.731,0.072,12.67,0.069,12.194,0.04,13.54,0.139,16.342,7.2,27.0,59,1.346,0.061,0.646,0.0040000000000000036,8.013458106483073,0.32248288822198146,0.16109552879667202,10.798,0.277,2.45,7.653,0.46,1.433,1.1,4573.571870599997,BB,http://byw.tools/wiseview#ra=138.0582736&dec=14.99584523&size=100&speed=50&band=3&minbright=-50&maxbright=100&window=1.5&zoom=10&gaia=1&outer_epochs=0
2MASS J09033514-0637336,J090335.09-063733.37,135.89611672136752,0.060486752136752135,-6.6259905606837615,0.0651025641025641,12.367,0.025,12.367,0.025,12.307,0.025,12.441,0.027,43.32,33.9,49.9,119,0.134,0.0,0.552,0.0010000000000000009,11.04248172674625,0.20146177244192193,0.025077245963513753,12.167,0.042,12.161,0.041,12.053,0.038,12.283,0.073,26.063,14.9,31.2,115,0.23,0.006,0.53,0.0040000000000000036,10.688244029987674,0.21895644897474104,0.08379115266179807,11.216,,0.825,7.762,,0.6,0.2,4578.013416829999,AA,http://byw.tools/wiseview#ra=135.8962122&dec=-6.625936355&size=100&speed=50&band=3&minbright=-50&maxbright=100&window=1.5&zoom=10&gaia=1&outer_epochs=0
2MASSI J0856479+223518,J085647.71+223517.88,134.1986398965686,0.10317156862745097,22.5883069877451,0.11508382352941177,13.346,0.039,13.343,0.039,13.264,0.041,13.452,0.04,27.868,16.3,33.6,102,0.188,0.003,0.58,0.009000000000000008,10.295576731268312,0.20822888255192737,0.02286401864595511,13.048,0.081,13.043,0.077,12.857,0.096,13.259,0.168,13.752,6.4,18.1,102,0.402,0.005,0.537,0.0050000000000000044,10.081725197718972,0.21022978317295174,0.09500593871384715,11.056,0.244,1.36,7.542,0.38,1.1,0.299,4574.171759640005,AA,http://byw.tools/wiseview#ra=134.1988&dec=22.5883&size=100&speed=50&band=3&minbright=-50&maxbright=100&window=1.5&zoom=10&gaia=1&outer_epochs=0
2MASSW J0850359+105716,J085035.78+105715.89,132.6489303377451,0.11047892156862746,10.954257964215685,0.12212107843137256,13.519,0.042,13.523,0.041,13.419,0.038,13.644,0.042,26.045,18.2,30.4,102,0.225,-0.004,0.538,0.0030000000000000027,9.427834194231018,0.21755730970576415,0.056196839781700786,13.002,0.076,13.003,0.074,12.807,0.087,13.203,0.14,14.66,7.7,18.3,102,0.396,-0.002,0.504,0.007000000000000006,9.066198641650951,0.1999470346654007,0.0495771247656822,10.844,0.286,2.66,7.542,,0.82,0.517,4574.021887440002,AA,http://byw.tools/wiseview#ra=132.6490687&dec=10.95441477&size=100&speed=50&band=3&minbright=-50&maxbright=100&window=1.5&zoom=10&gaia=1&outer_epochs=0
2MASS J08381155+1511155,J083811.46+151116.47,129.54754662441863,0.5438366279069767,15.187546032558139,0.6161837209302325,15.737,0.203,15.717,0.192,15.132,0.119,16.44,0.353,5.623,3.1,9.1,95,1.308,0.02,0.553,0.0020000000000000018,6.854074507149371,0.27396118511870465,2.286025447316342,14.479,0.247,14.479,0.236,13.938,0.238,15.014,0.34,4.606,3.1,7.2,77,1.076,0.0,0.497,0.007000000000000006,7.858850876744019,0.27955584936869193,0.18792591574853404,11.099,0.416,1.471,7.549,,0.833,1.258,4574.336920080001,AA,http://byw.tools/wiseview#ra=129.5477311&dec=15.18790814&size=100&speed=50&band=3&minbright=-50&maxbright=100&window=1.5&zoom=10&gaia=1&outer_epochs=0
DENIS-P J0823031-491201,J082302.90-491200.71,125.7619209562963,0.04428333333333333,-49.20028986444445,0.04814370370370371,11.465,0.02,11.466,0.02,11.412,0.024,11.521,0.019,53.855,33.7,66.1,270,0.109,-0.001,0.505,0.013000000000000012,10.500367751746088,0.08204553647704912,0.08680123290617284,11.149,0.025,11.15,0.025,11.069,0.026,11.235,0.028,43.291,29.5,52.4,270,0.166,-0.001,0.512,0.015000000000000013,9.396628364544418,0.07586601560695884,0.032620180723016375,10.784,0.289,3.63,7.778,0.46,0.959,0.316,4576.40693564,AA,http://byw.tools/wiseview#ra=125.7620869&dec=-49.2001971&size=100&speed=50&band=3&minbright=-50&maxbright=100&window=1.5&zoom=10&gaia=1&outer_epochs=0
SDSS J080531.84+481233.0,J080531.11+481234.19,121.3793129764977,0.07708064516129033,48.209447178341016,0.08523225806451613,12.9,0.032,12.898,0.031,12.813,0.028,12.977,0.034,34.779,22.8,41.9,107,0.164,0.002,0.482,0.0010000000000000009,10.599435915658148,0.22740982142541666,0.024959253516763105,12.504,0.052,12.502,0.05,12.382,0.054,12.672,0.059,21.352,14.9,27.0,110,0.29,0.002,0.584,0.0,4.955768670418001,0.24063888529721028,92.5929231311531,11.048,0.469,1.625,7.689,,0.929,0.396,4577.176833450001,AA,http://byw.tools/wiseview#ra=121.3796161&dec=48.20949601&size=100&speed=50&band=3&minbright=-50&maxbright=100&window=1.5&zoom=10&gaia=1&outer_epochs=0
HD 65216BC,J075341.03-633847.81,118.42094701003039,0.03291671732522796,-63.646640040121575,0.03622978723404255,5.805,0.039,5.767,0.038,5.301,0.046,6.452,0.025,30.859,11.9,129.4,325,1.151,0.038,0.595,0.038000000000000034,7.459310377897504,0.1824497336533475,0.06621283950338734,6.121,0.016,6.103,0.015,5.76,0.029,6.397,0.013,72.262,22.4,152.9,333,0.637,0.018,0.462,0.0,3.6304795100693577,0.13658789799048227,30.331718600347205,6.33,0.016,70.047,6.309,0.131,8.408,-0.316,4367.767478449998,AA,http://byw.tools/wiseview#ra=118.4209475&dec=-63.64661478&size=100&speed=50&band=3&minbright=-50&maxbright=100&window=1.5&zoom=10&gaia=1&outer_epochs=0
2MASSI J0746425+200032,J074642.10+200031.32,116.67510242658958,0.030694219653179193,20.00861810751445,0.030044508670520238,10.126,0.016,10.128,0.016,10.085,0.021,10.152,0.019,66.36,51.7,75.4,89,0.067,-0.002,0.358,0.008000000000000007,7.990920788101836,0.20761984216681467,0.3743535409133438,9.881,0.017,9.881,0.016,9.831,0.017,9.928,0.018,66.025,53.3,73.7,84,0.097,-0.0,0.485,0.0010000000000000009,6.61567849544681,0.27746908601554504,2.3515824279219557,,,,,,,0.245,2920.7437615599993,AA,http://byw.tools/wiseview#ra=116.6754&dec=20.0087&size=100&speed=50&band=3&minbright=-50&maxbright=100&window=1.5&zoom=10&gaia=1&outer_epochs=0
WISE J072003.20-084651.2,J072003.21-084651.42,110.01333501886792,0.03255188679245283,-8.781137136320755,0.031122641509433967,9.167,0.017,9.167,0.017,9.116,0.02,9.214,0.018,63.986,39.7,80.8,73,0.098,0.0,0.48,0.0010000000000000009,9.783107321721713,0.27797858708118145,0.05314658006548702,8.865,0.015,8.866,0.014,8.815,0.019,8.912,0.013,74.706,41.1,89.1,139,0.097,-0.001,0.474,0.010000000000000009,9.064160546366281,0.1444626555568391,0.03508861694781216,8.272,0.036,29.964,7.393,0.384,2.264,0.302,4577.326455530005,AA,http://byw.tools/wiseview#ra=110.0133613&dec=-8.780950835&size=100&speed=50&band=3&minbright=-50&maxbright=100&window=1.5&zoom=10&gaia=1&outer_epochs=0
LHS 1901,J071111.95+432949.20,107.80015402576419,0.027775545851528385,43.49657537991266,0.026417467248908304,8.928,0.016,8.93,0.016,8.891,0.016,8.964,0.021,69.493,39.5,84.8,115,0.073,-0.002,0.466,0.0010000000000000009,10.534861030688612,0.1824808722040234,0.02707200568979143,8.681,0.014,8.682,0.014,8.647,0.016,8.721,0.013,78.984,55.2,97.8,114,0.074,-0.001,0.527,0.017000000000000015,7.862069493179351,0.17174156287767472,0.33271648279447613,8.423,0.043,25.6,7.462,,1.0,0.247,4573.576225240002,AA,http://byw.tools/wiseview#ra=107.7998&dec=43.497&size=100&speed=50&band=3&minbright=-50&maxbright=100&window=1.5&zoom=10&gaia=1&outer_epochs=0
2MASS J07003664+3157266,J070036.84+315717.04,105.15354574107144,0.03544702380952381,31.954220541071425,0.035164880952380954,10.693,0.018,10.694,0.017,10.655,0.017,10.734,0.017,61.833,35.7,72.0,84,0.079,-0.001,0.506,0.0,8.453712307514971,0.25359882742771,0.1758099415337669,10.394,0.019,10.394,0.019,10.337,0.018,10.439,0.022,56.837,41.4,65.7,84,0.102,-0.0,0.441,0.0,9.255102933853681,0.3196273025259572,0.6217518299582739,9.748,0.132,8.25,7.341,,1.3,0.299,4574.580539039998,AA,http://byw.tools/wiseview#ra=105.1535207&dec=31.95473263&size=100&speed=50&band=3&minbright=-50&maxbright=100&window=1.5&zoom=10&gaia=1&outer_epochs=0
2MASS J06524851-5741376,J065248.55-574136.34,103.20216277251397,0.0556250279329609,-57.69361101988827,0.060649497206703915,12.167,0.024,12.168,0.023,12.102,0.026,12.238,0.024,45.782,29.3,55.9,449,0.136,-0.001,0.515,0.0010000000000000009,13.613708151936281,0.06699292288708174,0.0660376072939857,11.871,0.035,11.87,0.034,11.762,0.038,11.971,0.034,31.777,20.7,37.7,446,0.209,0.001,0.481,0.008000000000000007,3.5188899014307116,0.055342223067607374,104.80546067070941,11.028,0.343,3.259,7.778,0.474,0.972,0.296,4579.998631310002,AA,http://byw.tools/wiseview#ra=103.20230999237872&dec=-57.69342767755765&size=100&speed=50&band=3&minbright=-50&maxbright=100&window=1.5&zoom=10&gaia=1&outer_epochs=0
DENIS-P J0630014-184014,J063001.86-184023.26,97.50769027728813,0.040109661016949155,-18.673237398305083,0.04049406779661017,11.065,0.019,11.064,0.019,11.007,0.021,11.12,0.023,57.767,38.3,69.2,293,0.113,0.001,0.496,0.0020000000000000018,11.873001152518405,0.09015531945333287,0.06370636758204393,10.817,0.022,10.815,0.022,10.742,0.02,10.906,0.033,49.181,31.7,59.1,297,0.164,0.002,0.555,0.0,15.274749846066479,0.1307924476387101,0.06528525752344885,10.277,0.213,5.556,7.458,0.423,1.288,0.248,4577.158109670003,AA,http://byw.tools/wiseview#ra=97.50776123&dec=-18.67312695&size=100&speed=50&band=3&minbright=-50&maxbright=100&window=1.5&zoom=10&gaia=1&outer_epochs=0
WISEPA J061407.49+391236.4,J061407.48+391234.69,93.53076846363636,0.37611558441558446,39.208929554545456,0.41441623376623377,16.069,0.257,16.109,0.262,15.413,0.138,16.439,0.333,4.458,3.1,7.9,65,1.026,-0.04,0.322,0.04300000000000004,6.606836097065408,0.30878799026677456,0.09735907818012915,13.601,0.121,13.587,0.116,13.371,0.089,13.906,0.16,9.228,5.7,12.6,89,0.535,0.014,0.596,0.0030000000000000027,10.364074058662528,0.23621861284576853,0.04841785036771318,11.136,,1.175,7.778,,0.533,2.468,4576.51009032,AA,http://byw.tools/wiseview#ra=93.53115796&dec=39.20963722&size=100&speed=50&band=3&minbright=-50&maxbright=100&window=1.5&zoom=10&gaia=1&outer_epochs=0
WISEPA J061213.93-303612.7,J061213.90-303612.24,93.05758069241878,0.4924046931407942,-30.603903533574012,0.5518252707581227,16.173,0.265,16.218,0.267,15.455,0.221,16.61,0.351,4.283,3.1,7.0,69,1.155,-0.045,0.339,0.010000000000000009,7.87292900315583,0.2988616432914465,0.02278576395542605,14.033,0.164,14.03,0.157,13.547,0.14,14.466,0.263,6.933,3.9,11.6,208,0.919,0.003,0.474,0.013000000000000012,7.776057464689732,0.10975234715697328,0.4765552234087006,11.235,0.502,1.026,7.76,0.471,1.008,2.14,4577.233494970002,AA,http://byw.tools/wiseview#ra=93.0579&dec=-30.6034&size=100&speed=50&band=3&minbright=-50&maxbright=100&window=1.5&zoom=10&gaia=1&outer_epochs=0
WISEPA J061135.13-041024.0,J061135.16-041024.43,92.89655059080461,0.11253256704980844,-4.173896277011494,0.1209176245210728,13.564,0.044,13.561,0.042,13.415,0.04,13.707,0.062,25.262,16.7,30.5,131,0.292,0.003,0.5,0.0050000000000000044,10.211435545601226,0.1741099730362478,0.097905617451546,12.94,0.071,12.935,0.069,12.77,0.067,13.15,0.089,15.575,9.5,20.2,130,0.38,0.005,0.566,0.026000000000000023,8.148680192005234,0.1428036927348779,1.4273019239184208,11.248,0.438,1.05,7.713,,0.85,0.623,4576.976656159997,AA,http://byw.tools/wiseview#ra=92.89648541&dec=-4.173452624&size=100&speed=50&band=3&minbright=-50&maxbright=100&window=1.5&zoom=10&gaia=1&outer_epochs=0
DENIS J055146.0-443412,J055145.95-443413.14,87.94140963832336,0.1767560878243513,-44.57019836866268,0.18865508982035928,14.238,0.062,14.233,0.059,14.062,0.059,14.43,0.094,17.788,6.7,21.6,251,0.368,0.005,0.535,0.0020000000000000018,12.639698042680443,0.11572027604206003,0.4973928218706089,13.997,0.152,13.974,0.146,13.504,0.119,14.408,0.202,7.459,3.5,11.2,250,0.904,0.023,0.48,0.013000000000000012,10.094630187335195,0.09795675718269307,0.05857712539135055,11.437,,0.76,7.828,,0.875,0.241,4578.06985154,AA,http://byw.tools/wiseview#ra=87.94147446&dec=-44.57031622&size=100&speed=50&band=3&minbright=-50&maxbright=100&window=1.5&zoom=10&gaia=1&outer_epochs=0
2MASS J05431887+6422528,J054319.00+642249.10,85.82921416633859,0.047766732283464564,64.38012152303149,0.047803346456692916,11.662,0.021,11.661,0.021,11.611,0.022,11.712,0.023,52.008,29.5,64.4,254,0.101,0.001,0.505,0.010000000000000009,9.997823617430456,0.08333034821742015,0.14249567708134223,11.411,0.028,11.411,0.028,11.317,0.027,11.49,0.028,38.781,22.4,46.8,254,0.173,0.0,0.457,0.0,13.58603876139481,0.14290690590157712,0.06449520068633666,10.967,0.349,3.246,7.771,,0.667,0.25,4577.288887909999,AA,http://byw.tools/wiseview#ra=85.82916995&dec=64.38030547&size=100&speed=50&band=3&minbright=-50&maxbright=100&window=1.5&zoom=10&gaia=1&outer_epochs=0
2MASS J05185995-2828372,J051859.89-282841.28,79.74945057319422,0.10049470304975923,-28.478401069020865,0.10483852327447835,13.409,0.039,13.404,0.037,13.288,0.061,13.531,0.044,28.297,17.3,34.2,315,0.243,0.005,0.523,0.0,12.236197770256291,0.0879994905739978,0.032857696314185926,12.882,0.067,12.884,0.064,12.677,0.059,13.09,0.097,16.698,8.2,22.0,308,0.413,-0.002,0.499,0.0,4.6585639248154616,0.1076431485851153,52.22016911917806,11.18,0.411,1.631,7.716,0.489,0.781,0.526,4574.486814839998,AA,http://byw.tools/wiseview#ra=79.74952243&dec=-28.47813206&size=100&speed=50&band=3&minbright=-50&maxbright=100&window=1.5&zoom=10&gaia=1&outer_epochs=0
WISEPA J045853.89+643452.9,J045853.90+643452.68,74.72565964389437,0.24620924092409244,64.58187342211221,0.26091848184818484,16.085,0.25,16.076,0.25,15.335,0.136,16.611,0.332,4.58,3.1,8.3,126,1.276,0.009,0.419,0.009000000000000008,8.365553644064473,0.21130236497958524,0.1235514220045244,13.01,0.074,13.01,0.069,12.84,0.059,13.214,0.096,15.061,7.3,19.1,177,0.374,0.0,0.545,0.020000000000000018,9.174953295622762,0.11683574066538281,0.03525357906305075,11.134,0.507,1.273,7.845,,0.3,3.075,4578.548004739998,AA,http://byw.tools/wiseview#ra=74.7246&dec=64.5813&size=100&speed=50&band=3&minbright=-50&maxbright=100&window=1.5&zoom=10&gaia=1&outer_epochs=0
2MASS 0441+2301 Aab,J044145.65+230158.08,70.44024936894976,0.03126392694063927,23.032669478538814,0.02930958904109589,9.692,0.017,9.693,0.016,9.646,0.018,9.74,0.021,66.465,38.8,79.6,113,0.094,-0.001,0.5,0.0,6.902062175608599,0.2228545796333627,2.4303039259578085,9.47,0.016,9.471,0.015,9.427,0.015,9.52,0.015,69.625,45.1,83.7,106,0.093,-0.0,0.532,0.0030000000000000027,9.839894573271224,0.21037918221198088,0.0654588008292575,8.944,0.068,16.16,7.506,0.438,2.52,0.221,4573.588958259999,AA,http://byw.tools/wiseview#ra=70.4402&dec=23.0328&size=100&speed=50&band=3&minbright=-50&maxbright=100&window=1.5&zoom=10&gaia=1&outer_epochs=0
2MASS 0441+2301 Bab,J044144.90+230151.26,70.43708213333333,0.06333333333333334,23.030874666666666,0.06543333333333334,12.482,0.028,12.504,0.028,12.429,0.027,12.513,0.028,38.0,35.7,39.5,3,0.084,-0.022,0.107,0.10399999999999998,2.2340860443731225,1.000000000003608,1095.2293945885706,11.877,0.039,11.869,0.04,11.853,0.042,11.908,0.04,28.0,25.9,30.8,3,0.055,0.008,0.709,0.09699999999999998,242.42675682806282,6605.460434582702,0.03657974341867135,,,,,,,0.605,2555.535254039998,BB,http://byw.tools/wiseview#ra=70.43710274&dec=23.03090448&size=100&speed=50&band=3&minbright=-50&maxbright=100&window=1.5&zoom=10&gaia=1&outer_epochs=0
2MASSI J0429184-312356,J042918.56-312354.89,67.32730347151899,0.031264873417721516,-31.39863670996835,0.028484810126582275,9.532,0.016,9.534,0.016,9.493,0.015,9.571,0.018,67.497,38.8,82.3,316,0.078,-0.002,0.474,0.0020000000000000018,11.283893685521537,0.08048990283021397,0.06753305896608973,9.348,0.015,9.349,0.015,9.302,0.02,9.393,0.014,71.996,46.7,89.0,316,0.091,-0.001,0.484,0.0,4.194797689173148,0.08857870676766469,178.98523635215128,9.083,0.061,17.752,7.732,0.442,0.932,0.184,4576.18639717,AA,http://byw.tools/wiseview#ra=67.32732905&dec=-31.39858146&size=100&speed=50&band=3&minbright=-50&maxbright=100&window=1.5&zoom=10&gaia=1&outer_epochs=0
SDSSp J042348.57-041403.5,J042348.21-041401.79,65.95073575377359,0.05648962264150943,-4.233856119811321,0.055468867924528306,12.185,0.024,12.185,0.023,12.123,0.031,12.229,0.028,45.296,31.9,54.2,108,0.106,-0.0,0.415,0.0,11.57420346407044,0.2572213908066839,0.059553982809339795,11.613,0.031,11.618,0.031,11.522,0.034,11.691,0.032,34.79,25.1,41.1,104,0.169,-0.005,0.432,0.0020000000000000018,10.280467863566143,0.22580817292645253,0.04257579168916349,10.684,0.281,4.333,7.47,,1.32,0.572,4575.711161190004,AA,http://byw.tools/wiseview#ra=65.95086114&dec=-4.233829678&size=100&speed=50&band=3&minbright=-50&maxbright=100&window=1.5&zoom=10&gaia=1&outer_epochs=0
LP 415-20,J042149.74+192907.97,65.45727577305935,0.047909132420091316,19.485527075799084,0.045955707762557085,11.433,0.021,11.431,0.02,11.371,0.02,11.504,0.022,53.208,36.6,62.5,111,0.133,0.002,0.549,0.009000000000000008,8.817020062225412,0.1639870291072553,0.14770822356654398,11.244,0.029,11.248,0.027,11.157,0.025,11.33,0.032,38.425,13.1,49.0,108,0.173,-0.004,0.474,0.0050000000000000044,9.39261398648258,0.17943801462348008,0.07539155512940725,10.163,0.255,4.3,6.331,0.177,7.6,0.189,4575.385315160005,BB,http://byw.tools/wiseview#ra=65.45724756&dec=19.48554689&size=100&speed=50&band=3&minbright=-50&maxbright=100&window=1.5&zoom=10&gaia=1&outer_epochs=0
DENIS-P J035726.9-441730,J035727.08-441729.91,59.36285210198511,0.07075210918114144,-44.29181566104218,0.06797841191066997,12.49,0.027,12.492,0.026,12.414,0.023,12.585,0.033,41.01,29.1,49.5,201,0.171,-0.002,0.544,0.0,15.416220882632459,0.17974268342632055,0.06450086967987217,12.118,0.041,12.114,0.039,11.986,0.083,12.262,0.047,27.201,13.1,34.0,202,0.276,0.004,0.536,0.0010000000000000009,4.4773699548185455,0.14323963966355302,51.64820353537818,11.099,0.395,2.148,7.69,0.419,1.229,0.372,4574.309226449994,AA,http://byw.tools/wiseview#ra=59.36284371&dec=-44.29164288&size=100&speed=50&band=3&minbright=-50&maxbright=100&window=1.5&zoom=10&gaia=1&outer_epochs=0
2MASS J03552337+1133437,J035523.64+113335.33,58.8485093877922,0.035595584415584414,11.559087925194806,0.033516363636363636,10.536,0.018,10.535,0.017,10.496,0.026,10.578,0.021,62.355,40.2,76.6,192,0.082,0.001,0.524,0.0,9.200429334537434,0.1370958099816825,0.44472388368589133,9.971,0.018,9.97,0.017,9.915,0.024,10.022,0.024,61.966,37.3,72.4,193,0.107,0.001,0.486,0.0,14.906935326938484,0.18676088226956475,0.06530853516726913,9.297,0.091,12.155,7.602,0.446,1.427,0.565,4576.149466609997,AA,http://byw.tools/wiseview#ra=58.84849177&dec=11.55981255&size=100&speed=50&band=3&minbright=-50&maxbright=100&window=1.5&zoom=10&gaia=1&outer_epochs=0
2MASP J0345432+254023,J034543.05+254022.98,56.42930442184467,0.06185194174757281,25.6729297,0.06185776699029126,12.356,0.025,12.354,0.025,12.301,0.028,12.439,0.025,43.324,27.1,50.5,106,0.138,0.002,0.616,0.0010000000000000009,11.201656846934664,0.25493575480348357,0.06488607343375628,12.105,0.043,12.106,0.041,11.975,0.039,12.221,0.058,25.671,18.5,31.2,100,0.246,-0.0,0.47,0.0,10.01051430735417,0.21894013231590642,0.18022094799642396,11.122,,0.4,7.657,,0.9,0.251,4575.737781250005,AA,http://byw.tools/wiseview#ra=56.42937208&dec=25.67304886&size=100&speed=50&band=3&minbright=-50&maxbright=100&window=1.5&zoom=10&gaia=1&outer_epochs=0
2MASSW J0320284-044636,J032028.10-044644.83,50.11703096052009,0.05047328605200946,-4.77939507210402,0.04876241134751773,11.818,0.022,11.82,0.022,11.756,0.022,11.882,0.024,50.222,33.1,59.7,216,0.126,-0.002,0.492,0.0020000000000000018,11.114452979665819,0.11100496658997164,0.06696830064638529,11.474,0.03,11.47,0.029,11.389,0.029,11.572,0.034,37.021,28.2,44.8,207,0.183,0.004,0.557,0.0,4.443858775725855,0.16598519128086883,179.7799577591088,10.836,0.335,3.3,7.754,,0.675,0.345,4572.403592340001,AA,http://byw.tools/wiseview#ra=50.11709291&dec=-4.779118641&size=100&speed=50&band=3&minbright=-50&maxbright=100&window=1.5&zoom=10&gaia=1&outer_epochs=0
2MASSW J0310599+164816,J031100.19+164816.07,47.750709175000004,0.10751320754716981,16.804336167924525,0.10768962264150944,13.371,0.04,13.371,0.039,13.256,0.033,13.491,0.049,27.591,14.5,33.3,108,0.235,-0.0,0.511,0.01200000000000001,8.817512457887926,0.17960753793245485,0.045139190985913215,12.817,0.068,12.814,0.066,12.64,0.053,13.046,0.079,16.458,8.9,21.1,104,0.406,0.002,0.57,0.0,6.328537408672024,0.279641258950755,2.750162097034764,10.858,0.37,1.386,7.584,0.526,1.4,0.554,4572.615093270004,AA,http://byw.tools/wiseview#ra=47.75078863&dec=16.80446277&size=100&speed=50&band=3&minbright=-50&maxbright=100&window=1.5&zoom=10&gaia=1&outer_epochs=0
2MASS J02495639-0557352,J024956.40-055735.28,42.48515880286458,0.042984114583333344,-5.960004779427083,0.0402859375,10.843,0.019,10.843,0.019,10.783,0.018,10.902,0.019,58.527,36.4,72.4,193,0.119,-0.0,0.496,0.0030000000000000027,6.631896306768665,0.1185327744492309,2.584724779144845,10.604,0.021,10.607,0.021,10.54,0.026,10.668,0.022,51.357,34.9,61.9,191,0.128,-0.003,0.477,0.0,4.067673782455446,0.16677958910856056,178.9087855603649,10.447,0.244,4.754,7.723,0.447,1.111,0.239,4574.101284159995,AA,http://byw.tools/wiseview#ra=42.485&dec=-5.9598&size=100&speed=50&band=3&minbright=-50&maxbright=100&window=1.5&zoom=10&gaia=1&outer_epochs=0
WISEPA J022623.98-021142.8,J022623.87-021144.94,36.59957000543478,0.8961043478260869,-2.1957900021739127,0.9559994565217392,16.595,0.43,16.595,nan,15.985,0.27,17.121,nan,1.311,-1.7,4.0,99,1.136,-0.0,0.463,1.0,nan,nan,4573.369417719994,14.43,0.236,14.43,0.235,13.897,0.131,14.998,0.33,4.771,3.1,8.5,85,1.101,0.0,0.516,0.009000000000000008,7.902743728242212,0.2824975096542578,0.06573634306223525,11.133,,0.81,7.658,,0.7,2.165,4573.369417719994,BA,http://byw.tools/wiseview#ra=36.59947034942938&dec=-2.195816244751485&size=100&speed=50&band=3&minbright=-50&maxbright=100&window=1.5&zoom=10&gaia=1&outer_epochs=0
DENIS J020529.0-115925,J020529.83-115929.04,31.37457548306306,0.06117891891891891,-11.99135368036036,0.058314594594594586,12.235,0.025,12.234,0.024,12.154,0.024,12.316,0.027,44.135,29.9,53.3,289,0.162,0.001,0.506,0.0040000000000000036,11.712582419412724,0.08148555393341864,0.04943374498024837,11.812,0.037,11.812,0.035,11.679,0.031,11.949,0.053,30.215,17.1,39.3,266,0.27,-0.0,0.506,0.0,3.916823993467054,0.12469003715059404,178.697646804172,10.79,0.317,3.473,7.63,,0.76,0.422,4572.552203430001,AA,http://byw.tools/wiseview#ra=31.3743&dec=-11.9914&size=100&speed=50&band=3&minbright=-50&maxbright=100&window=1.5&zoom=10&gaia=1&outer_epochs=0
2MASS J01473282-4954478,J014732.69-495452.91,26.886287953414634,0.04895707317073171,-49.91464403439025,0.04497658536585366,11.723,0.021,11.722,0.021,11.664,0.022,11.785,0.024,50.987,37.8,61.2,205,0.121,0.001,0.521,0.0050000000000000044,9.677888247196448,0.10176183733535983,0.029442289776086955,11.52,0.03,11.518,0.03,11.416,0.03,11.614,0.034,36.135,22.3,44.5,205,0.198,0.002,0.485,0.0,3.6684456600765287,0.16640972222861264,177.9672793525425,10.736,0.273,4.0,7.538,,1.1,0.203,4550.0301087800035,AA,http://byw.tools/wiseview#ra=26.88621811&dec=-49.91469795&size=100&speed=50&band=3&minbright=-50&maxbright=100&window=1.5&zoom=10&gaia=1&outer_epochs=0
WISE J014656.66+423410.0,J014656.57+423408.75,26.735174984931504,0.9519205479452055,42.569214390410956,0.9889835616438355,16.651,0.345,16.666,nan,15.635,nan,17.213,nan,1.019,-2.6,5.5,37,1.578,-0.015,0.347,1.0,nan,nan,4572.326566439995,14.593,0.282,14.584,nan,13.981,0.182,15.365,0.444,3.961,1.4,6.0,36,1.384,0.008,0.564,0.877,nan,nan,4572.326566439995,11.296,0.414,1.45,7.657,,1.067,2.058,4572.326566439995,BB,http://byw.tools/wiseview#ra=26.73572505&dec=42.56909797&size=100&speed=50&band=3&minbright=-50&maxbright=100&window=1.5&zoom=10&gaia=1&outer_epochs=0
L 726-8,J013905.29-175652.16,24.772910202696078,0.03201446078431372,-17.947745642647057,0.02796691176470588,4.126,0.065,4.139,0.063,3.055,0.022,5.156,0.069,20.42,5.7,153.5,208,2.101,-0.013,0.484,0.06499999999999995,5.576235475686119,0.29710570117683677,0.12333402028876332,4.219,0.015,4.242,0.012,3.188,0.008,5.614,0.01,98.592,12.4,267.7,200,2.426,-0.024,0.565,0.006000000000000005,9.365054989282497,0.17871490078999264,0.0750293410333924,4.744,0.013,87.665,4.609,0.043,25.887,-0.092,4383.011523949994,AA,http://byw.tools/wiseview#ra=24.77204773&dec=-17.94782222&size=100&speed=50&band=3&minbright=-50&maxbright=100&window=1.5&zoom=10&gaia=1&outer_epochs=0
2MASS J01303563-4445411,J013035.81-444541.20,22.64906867920792,0.06376435643564356,-44.76157874158416,0.05844851485148515,12.366,0.025,12.365,0.025,12.284,0.022,12.442,0.029,43.47,33.2,51.4,151,0.158,0.001,0.487,0.0010000000000000009,7.076732623019395,0.16561638128596776,5.3678228499056155,12.051,0.04,12.049,0.039,11.923,0.041,12.182,0.042,27.587,16.2,34.4,152,0.259,0.002,0.514,0.0020000000000000018,4.421747402085103,0.15287622913636803,52.35634807341772,10.913,0.337,2.667,7.611,,1.15,0.315,4549.76664758,AA,http://byw.tools/wiseview#ra=22.64920656&dec=-44.76144535&size=100&speed=50&band=3&minbright=-50&maxbright=100&window=1.5&zoom=10&gaia=1&outer_epochs=0
HIP 6407B,J012217.03+033121.25,20.570909146768063,0.16841787072243347,3.5224784258555135,0.16501749049429654,13.935,0.056,13.937,0.053,13.731,0.123,14.109,0.061,19.853,8.8,24.0,143,0.378,-0.002,0.455,0.02400000000000002,9.050017276662787,0.12997101910561365,0.04290084973113584,13.627,0.129,13.624,0.122,13.293,0.129,14.039,0.311,8.827,3.5,12.8,120,0.746,0.003,0.556,0.008000000000000007,9.550659295542072,0.1804261902958101,0.033150003327991714,11.02,,1.012,7.581,,0.9,0.308,4568.296983619999,BA,http://byw.tools/wiseview#ra=20.57096814&dec=3.522569377&size=100&speed=50&band=3&minbright=-50&maxbright=100&window=1.5&zoom=10&gaia=1&outer_epochs=0
2MASSW J0045214+163445,J004521.88+163444.53,11.341067636097561,0.038588048780487806,16.578863519268292,0.03605365853658537,10.78,0.018,10.78,0.018,10.734,0.024,10.825,0.021,59.851,35.5,73.8,209,0.091,0.0,0.495,0.0,12.649521087458726,0.13974148090375957,0.0417547215033887,10.415,0.02,10.415,0.02,10.344,0.024,10.486,0.029,54.931,36.9,67.1,201,0.142,0.0,0.5,0.0,3.2179272652911295,0.1902174316525581,91.05669566655128,9.713,0.12,9.1,7.46,0.326,1.637,0.365,4382.862284750001,AA,http://byw.tools/wiseview#ra=11.3411537&dec=16.5790351&size=100&speed=50&band=3&minbright=-50&maxbright=100&window=1.5&zoom=10&gaia=1&outer_epochs=0
DENIS-P J0041353-562112,J004135.65-562113.38,10.39844411875,0.03717258522727273,-56.353839639914774,0.03391036931818182,10.629,0.018,10.629,0.018,10.582,0.02,10.679,0.021,61.416,40.1,77.3,353,0.097,-0.0,0.515,0.0010000000000000009,10.745544357941629,0.07080112926845535,0.44209247207094293,10.374,0.019,10.375,0.019,10.305,0.023,10.445,0.024,56.992,37.0,70.6,351,0.14,-0.001,0.5,0.0,3.4754755565579694,0.13031007495315458,177.93213315293363,10.006,0.137,8.048,7.673,0.447,0.953,0.254,4549.131537610003,AA,http://byw.tools/wiseview#ra=10.3985324&dec=-56.35371757&size=100&speed=50&band=3&minbright=-50&maxbright=100&window=1.5&zoom=10&gaia=1&outer_epochs=0
2MASSW J0036159+182110,J003617.03+182112.74,9.071713153146852,0.03748135198135198,18.353473764102567,0.03474685314685315,10.533,0.018,10.534,0.017,10.485,0.023,10.582,0.019,61.895,40.3,74.2,218,0.097,-0.001,0.495,0.0,3.8102495015433147,0.12637962360639063,185.72082729576277,10.267,0.019,10.266,0.019,10.201,0.02,10.334,0.018,57.101,36.8,69.5,211,0.133,0.001,0.511,0.0,4.199458019613768,0.2549976588580929,90.55808934256198,9.928,0.146,7.575,7.656,0.541,1.0,0.266,4383.011524180001,AA,http://byw.tools/wiseview#ra=9.070976724&dec=18.35353765&size=100&speed=50&band=3&minbright=-50&maxbright=100&window=1.5&zoom=10&gaia=1&outer_epochs=0
LP 349-25,J002756.45+221929.64,6.9854795991329475,0.030962427745664742,22.324818858670522,0.027920520231213868,9.314,0.016,9.313,0.016,9.268,0.02,9.353,0.018,68.264,41.5,83.0,179,0.085,0.001,0.471,0.009000000000000008,4.1304134736857225,0.10144279614055805,179.63169288360655,9.077,0.015,9.075,0.014,9.028,0.017,9.128,0.016,74.679,42.6,92.5,167,0.1,0.002,0.53,0.0,3.263032940657455,0.23373946400372678,73.7881028006734,8.787,0.056,19.88,7.611,0.525,1.05,0.236,4383.013306360001,AA,http://byw.tools/wiseview#ra=6.9852&dec=22.3249&size=100&speed=50&band=3&minbright=-50&maxbright=100&window=1.5&zoom=10&gaia=1&outer_epochs=0
2MASSI J0025036+475919,J002504.16+475919.74,6.267494594594594,0.05456988416988417,47.988400854054056,0.052112741312741316,11.845,0.022,11.85,0.021,11.713,0.025,11.993,0.024,49.994,38.1,58.5,130,0.28,-0.005,0.511,0.0,4.243875658504149,0.5498654660586095,178.83316361069103,11.68,0.032,11.675,0.032,11.526,0.028,11.831,0.041,33.953,22.7,42.0,129,0.305,0.005,0.511,0.0,4.358951988276681,0.5404006470587988,179.77069002542598,10.911,0.31,3.07,7.802,0.515,1.04,0.165,4572.16788298,AA,http://byw.tools/wiseview#ra=6.267323039&dec=47.98881716&size=100&speed=50&band=3&minbright=-50&maxbright=100&window=1.5&zoom=10&gaia=1&outer_epochs=0
LHS 1070,J002444.10-270813.26,6.183675100190476,0.02848095238095238,-27.13680445866667,0.025542476190476192,7.84,0.016,7.844,0.016,7.783,0.016,7.893,0.02,67.146,41.1,85.3,265,0.11,-0.004,0.445,0.0050000000000000044,11.633441548801727,0.09410794631016774,0.06717999485361492,7.623,0.013,7.621,0.013,7.559,0.015,7.682,0.017,83.584,41.1,107.4,260,0.123,0.002,0.496,0.0,3.3949628989970058,0.11725766526341076,90.75919101408641,7.353,0.023,47.96,7.168,0.294,3.816,0.217,4553.086082540001,AA,http://byw.tools/wiseview#ra=6.183752233&dec=-27.13701595&size=100&speed=50&band=3&minbright=-50&maxbright=100&window=1.5&zoom=10&gaia=1&outer_epochs=0
SDSS J000649.16-085246.3,J000649.15-085250.27,1.7045326831460672,0.07738426966292135,-8.88111378483146,0.07415955056179775,12.776,0.03,12.778,0.03,12.699,0.03,12.883,0.033,36.133,28.9,42.2,67,0.184,-0.002,0.571,0.0030000000000000027,11.075431019594504,0.3370242790170764,0.5452177869440901,12.375,0.053,12.376,0.051,12.249,0.053,12.525,0.061,21.05,13.2,26.0,111,0.276,-0.001,0.54,0.010000000000000009,8.397571057146791,0.17747223819307964,0.08947604806272515,10.888,,0.9,7.798,,,0.401,4544.756909249998,AA,http://byw.tools/wiseview#ra=1.70477456&dec=-8.880629851&size=100&speed=50&band=3&minbright=-50&maxbright=100&window=1.5&zoom=10&gaia=1&outer_epochs=0
LHS 102BC,J000435.77-404432.47,1.1498394481481482,0.038735626102292774,-40.742845755908284,0.03511128747795414,10.764,0.019,10.763,0.018,10.705,0.023,10.825,0.023,58.892,43.8,68.3,283,0.12,0.001,0.517,0.04800000000000004,8.21231157878518,0.05928281675831563,0.08451724522377817,10.518,0.021,10.516,0.02,10.443,0.02,10.598,0.025,52.766,43.1,64.3,284,0.155,0.002,0.529,0.0,3.265916082960343,0.30205888074527015,60.157012542989364,9.265,,1.0,5.915,0.134,8.1,0.246,4547.870148249996,BB,http://byw.tools/wiseview#ra=1.1490359725569588&dec=-40.74235406256028&size=100&speed=50&band=3&minbright=-50&maxbright=100&window=1.5&zoom=10&gaia=1&outer_epochs=0
